species,n_records,n_unique_cells,n_background_cells,auc,n_epochs,n_folds_usable,n_folds,model_path,status
Quercus alba,0,0,0,,0,0,5,,skip_no_records
Quercus rubra,3367,2291,242985,0.7736716026973758,100,5,5,data/models_deepmaxent_usa_30s/deepmaxent_usa_30s.pt,saved
Quercus velutina,3493,2690,242586,0.8023455034416305,100,5,5,data/models_deepmaxent_usa_30s/deepmaxent_usa_30s.pt,saved
Quercus coccinea,3690,1826,243450,0.8374367290041269,100,5,5,data/models_deepmaxent_usa_30s/deepmaxent_usa_30s.pt,saved
Quercus palustris,0,0,0,,0,0,5,,skip_no_records
Quercus phellos,3399,1654,243622,0.900571279702761,100,5,5,data/models_deepmaxent_usa_30s/deepmaxent_usa_30s.pt,saved
Quercus macrocarpa,0,0,0,,0,0,5,,skip_no_records
Quercus bicolor,3516,1424,243852,0.8411670607775787,100,4,5,data/models_deepmaxent_usa_30s/deepmaxent_usa_30s.pt,saved
Quercus stellata,0,0,0,,0,0,5,,skip_no_records
Quercus marilandica,3590,2462,242814,0.853478995528237,100,5,5,data/models_deepmaxent_usa_30s/deepmaxent_usa_30s.pt,saved
Quercus falcata,3531,2633,242643,0.8746682960838079,100,5,5,data/models_deepmaxent_usa_30s/deepmaxent_usa_30s.pt,saved
Quercus nigra,3702,2677,242599,0.8286993887075699,100,5,5,data/models_deepmaxent_usa_30s/deepmaxent_usa_30s.pt,saved
Quercus laurifolia,1564,1122,244154,0.9135879312160835,100,4,5,data/models_deepmaxent_usa_30s/deepmaxent_usa_30s.pt,saved
Quercus virginiana,3574,1850,243426,0.9289142567005461,100,4,5,data/models_deepmaxent_usa_30s/deepmaxent_usa_30s.pt,saved
Quercus shumardii,3753,1562,243714,0.8032632586990186,100,5,5,data/models_deepmaxent_usa_30s/deepmaxent_usa_30s.pt,saved
Quercus michauxii,3530,2325,242951,0.8607690660404923,100,5,5,data/models_deepmaxent_usa_30s/deepmaxent_usa_30s.pt,saved
Quercus montana,3569,2558,242718,0.8920227824193823,100,5,5,data/models_deepmaxent_usa_30s/deepmaxent_usa_30s.pt,saved
Quercus muehlenbergii,3627,2409,242867,0.8391406530400263,100,5,5,data/models_deepmaxent_usa_30s/deepmaxent_usa_30s.pt,saved
Quercus lyrata,1534,1141,244135,0.9116350188691064,100,5,5,data/models_deepmaxent_usa_30s/deepmaxent_usa_30s.pt,saved
Quercus texana,278,221,245055,0.8013639824964065,100,5,5,data/models_deepmaxent_usa_30s/deepmaxent_usa_30s.pt,saved
Quercus imbricaria,3810,2028,243248,0.8878485584558409,100,5,5,data/models_deepmaxent_usa_30s/deepmaxent_usa_30s.pt,saved
Quercus ellipsoidalis,2142,1524,243752,0.9435579386838898,100,3,5,data/models_deepmaxent_usa_30s/deepmaxent_usa_30s.pt,saved
Quercus gambelii,3424,2491,242785,0.9581174313628426,100,3,5,data/models_deepmaxent_usa_30s/deepmaxent_usa_30s.pt,saved
Quercus agrifolia,0,0,0,,0,0,5,,skip_no_records
Quercus lobata,3769,1918,243358,0.955474886796966,100,4,5,data/models_deepmaxent_usa_30s/deepmaxent_usa_30s.pt,saved
Quercus douglasii,3724,2074,243202,0.8296165052005717,100,3,5,data/models_deepmaxent_usa_30s/deepmaxent_usa_30s.pt,saved
Quercus kelloggii,3730,2298,242978,0.9368558560786755,100,4,5,data/models_deepmaxent_usa_30s/deepmaxent_usa_30s.pt,saved
Quercus chrysolepis,3477,2355,242921,0.9280353244800543,100,3,5,data/models_deepmaxent_usa_30s/deepmaxent_usa_30s.pt,saved
Quercus wislizeni,3638,2349,242927,0.9107553341376962,100,3,5,data/models_deepmaxent_usa_30s/deepmaxent_usa_30s.pt,saved
Quercus garryana,3543,2093,243183,0.9038992034945438,100,3,5,data/models_deepmaxent_usa_30s/deepmaxent_usa_30s.pt,saved
Quercus laevis,3789,1716,243560,0.945795458177618,100,4,5,data/models_deepmaxent_usa_30s/deepmaxent_usa_30s.pt,saved
Quercus incana,1250,880,244396,0.9307960064988496,100,4,5,data/models_deepmaxent_usa_30s/deepmaxent_usa_30s.pt,saved
Quercus acutissima,3406,742,244534,0.8283058249737085,100,5,5,data/models_deepmaxent_usa_30s/deepmaxent_usa_30s.pt,saved
Quercus robur,2743,370,244906,0.8254800880367735,100,5,5,data/models_deepmaxent_usa_30s/deepmaxent_usa_30s.pt,saved
Acer saccharum,0,0,0,,0,0,5,,skip_no_records
Acer rubrum,3372,2425,242851,0.7621662214843336,100,5,5,data/models_deepmaxent_usa_30s/deepmaxent_usa_30s.pt,saved
Acer saccharinum,3550,2285,242991,0.8129691740098528,100,5,5,data/models_deepmaxent_usa_30s/deepmaxent_usa_30s.pt,saved
Acer negundo,3545,2601,242675,0.7409615307575385,100,5,5,data/models_deepmaxent_usa_30s/deepmaxent_usa_30s.pt,saved
Acer nigrum,1914,1414,243862,0.7185614342106479,100,5,5,data/models_deepmaxent_usa_30s/deepmaxent_usa_30s.pt,saved
Acer macrophyllum,3368,2336,242940,0.9460970607721437,100,4,5,data/models_deepmaxent_usa_30s/deepmaxent_usa_30s.pt,saved
Acer circinatum,0,0,0,,0,0,5,,skip_no_records
Acer pensylvanicum,3479,2756,242520,0.8253797302193056,100,5,5,data/models_deepmaxent_usa_30s/deepmaxent_usa_30s.pt,saved
Acer spicatum,3647,2787,242489,0.9235327022867361,100,4,5,data/models_deepmaxent_usa_30s/deepmaxent_usa_30s.pt,saved
Acer glabrum,3316,2624,242652,0.9340175043028847,100,4,5,data/models_deepmaxent_usa_30s/deepmaxent_usa_30s.pt,saved
Acer platanoides,2634,902,244374,0.884965673022564,100,4,5,data/models_deepmaxent_usa_30s/deepmaxent_usa_30s.pt,saved
Acer palmatum,3365,687,244589,0.881284385594302,100,4,5,data/models_deepmaxent_usa_30s/deepmaxent_usa_30s.pt,saved
Acer griseum,254,58,245218,0.9095560549374779,100,5,5,data/models_deepmaxent_usa_30s/deepmaxent_usa_30s.pt,saved
Acer campestre,3458,398,244878,0.890609879283702,100,4,5,data/models_deepmaxent_usa_30s/deepmaxent_usa_30s.pt,saved
Acer buergerianum,255,81,245195,0.8643669293031276,100,4,5,data/models_deepmaxent_usa_30s/deepmaxent_usa_30s.pt,saved
Pinus strobus,3452,2529,242747,0.7326140418237652,100,5,5,data/models_deepmaxent_usa_30s/deepmaxent_usa_30s.pt,saved
Pinus taeda,3649,2543,242733,0.8275579278743648,100,5,5,data/models_deepmaxent_usa_30s/deepmaxent_usa_30s.pt,saved
Pinus echinata,3243,2443,242833,0.8656080169132214,100,4,5,data/models_deepmaxent_usa_30s/deepmaxent_usa_30s.pt,saved
Pinus palustris,3744,2031,243245,0.8081865695698468,100,5,5,data/models_deepmaxent_usa_30s/deepmaxent_usa_30s.pt,saved
Pinus elliottii,3704,1557,243719,0.928689152565619,100,4,5,data/models_deepmaxent_usa_30s/deepmaxent_usa_30s.pt,saved
Pinus rigida,3471,1748,243528,0.8869084326418681,100,4,5,data/models_deepmaxent_usa_30s/deepmaxent_usa_30s.pt,saved
Pinus virginiana,3683,2718,242558,0.8505687913747716,100,5,5,data/models_deepmaxent_usa_30s/deepmaxent_usa_30s.pt,saved
Pinus banksiana,3758,2173,243103,0.853276072327894,100,4,5,data/models_deepmaxent_usa_30s/deepmaxent_usa_30s.pt,saved
Pinus resinosa,3476,2394,242882,0.7920533672122028,100,5,5,data/models_deepmaxent_usa_30s/deepmaxent_usa_30s.pt,saved
Pinus ponderosa,2514,1489,243787,0.9202044472782958,100,4,5,data/models_deepmaxent_usa_30s/deepmaxent_usa_30s.pt,saved
Pinus contorta,2777,1799,243477,0.7477873905385388,100,5,5,data/models_deepmaxent_usa_30s/deepmaxent_usa_30s.pt,saved
Pinus flexilis,2673,1743,243533,0.9210351658956967,100,5,5,data/models_deepmaxent_usa_30s/deepmaxent_usa_30s.pt,saved
Pinus edulis,2264,1561,243715,0.9631677647728655,100,4,5,data/models_deepmaxent_usa_30s/deepmaxent_usa_30s.pt,saved
Pinus monophylla,3592,2171,243105,0.9530118473700978,100,3,5,data/models_deepmaxent_usa_30s/deepmaxent_usa_30s.pt,saved
Pinus lambertiana,3771,2013,243263,0.9631823701599292,100,3,5,data/models_deepmaxent_usa_30s/deepmaxent_usa_30s.pt,saved
Pinus jeffreyi,2955,1828,243448,0.7832422464843231,100,4,5,data/models_deepmaxent_usa_30s/deepmaxent_usa_30s.pt,saved
Pinus sabiniana,3826,1872,243404,0.916935399057643,100,2,5,,skip_few_folds
Pinus coulteri,2575,1123,244153,0.6186239222219466,100,3,5,data/models_deepmaxent_usa_30s/deepmaxent_usa_30s.pt,saved
Pinus radiata,1443,464,244812,0.8336877032072236,100,4,5,data/models_deepmaxent_usa_30s/deepmaxent_usa_30s.pt,saved
Pinus albicaulis,3357,1926,243350,0.9700164149889327,100,5,5,data/models_deepmaxent_usa_30s/deepmaxent_usa_30s.pt,saved
Pinus aristata,1350,753,244523,0.6879108454960061,100,5,5,data/models_deepmaxent_usa_30s/deepmaxent_usa_30s.pt,saved
Pinus glabra,693,480,244796,0.7770563733033833,100,4,5,data/models_deepmaxent_usa_30s/deepmaxent_usa_30s.pt,saved
Pinus serotina,806,518,244758,0.8500395986941445,100,4,5,data/models_deepmaxent_usa_30s/deepmaxent_usa_30s.pt,saved
Pinus clausa,2205,934,244342,0.6515420290953253,100,3,5,data/models_deepmaxent_usa_30s/deepmaxent_usa_30s.pt,saved
Pinus nigra,337,154,245122,0.8371793404668084,100,5,5,data/models_deepmaxent_usa_30s/deepmaxent_usa_30s.pt,saved
Pinus sylvestris,2063,1470,243806,0.7812808997888434,100,5,5,data/models_deepmaxent_usa_30s/deepmaxent_usa_30s.pt,saved
Pinus thunbergii,347,94,245182,0.9451738653974106,100,5,5,data/models_deepmaxent_usa_30s/deepmaxent_usa_30s.pt,saved
Pinus mugo,72,71,0,,0,0,5,,skip_few_cells
Pseudotsuga menziesii,2561,1758,243518,0.7658547074727753,100,5,5,data/models_deepmaxent_usa_30s/deepmaxent_usa_30s.pt,saved
Tsuga canadensis,3489,2547,242729,0.8492826146006522,100,4,5,data/models_deepmaxent_usa_30s/deepmaxent_usa_30s.pt,saved
Tsuga heterophylla,3785,2309,242967,0.9601830371588428,100,3,5,data/models_deepmaxent_usa_30s/deepmaxent_usa_30s.pt,saved
Tsuga mertensiana,3465,2015,243261,0.9829625212760604,100,4,5,data/models_deepmaxent_usa_30s/deepmaxent_usa_30s.pt,saved
Abies balsamea,3748,2276,243000,0.9341814845329439,100,4,5,data/models_deepmaxent_usa_30s/deepmaxent_usa_30s.pt,saved
Abies fraseri,1230,262,245014,0.812746363180781,100,4,5,data/models_deepmaxent_usa_30s/deepmaxent_usa_30s.pt,saved
Abies concolor,3053,2126,243150,0.892566350875345,100,5,5,data/models_deepmaxent_usa_30s/deepmaxent_usa_30s.pt,saved
Abies grandis,2617,1736,243540,0.9320836815775339,100,3,5,data/models_deepmaxent_usa_30s/deepmaxent_usa_30s.pt,saved
Abies procera,1248,674,244602,0.9725178513820076,100,2,5,,skip_few_folds
Abies magnifica,2102,1345,243931,0.9393601659820708,100,4,5,data/models_deepmaxent_usa_30s/deepmaxent_usa_30s.pt,saved
Abies lasiocarpa,2594,1904,243372,0.8551769096559095,100,5,5,data/models_deepmaxent_usa_30s/deepmaxent_usa_30s.pt,saved
Picea glauca,2905,2018,243258,0.702407366708359,100,5,5,data/models_deepmaxent_usa_30s/deepmaxent_usa_30s.pt,saved
Picea mariana,2782,1843,243433,0.9103627670334147,100,4,5,data/models_deepmaxent_usa_30s/deepmaxent_usa_30s.pt,saved
Picea rubens,3811,2140,243136,0.9605076387546715,100,4,5,data/models_deepmaxent_usa_30s/deepmaxent_usa_30s.pt,saved
Picea pungens,3184,2058,243218,0.8850755745533763,100,5,5,data/models_deepmaxent_usa_30s/deepmaxent_usa_30s.pt,saved
Picea engelmannii,3475,2427,242849,0.8630765789711191,100,5,5,data/models_deepmaxent_usa_30s/deepmaxent_usa_30s.pt,saved
Picea sitchensis,3292,1202,244074,0.9816828988049778,100,3,5,data/models_deepmaxent_usa_30s/deepmaxent_usa_30s.pt,saved
Picea abies,3763,2263,243013,0.8646708292623447,100,4,5,data/models_deepmaxent_usa_30s/deepmaxent_usa_30s.pt,saved
Larix laricina,3730,2491,242785,0.8933341760929533,100,3,5,data/models_deepmaxent_usa_30s/deepmaxent_usa_30s.pt,saved
Larix occidentalis,3477,2136,243140,0.821304087201693,100,3,5,data/models_deepmaxent_usa_30s/deepmaxent_usa_30s.pt,saved
Thuja occidentalis,3545,2360,242916,0.842847885452706,100,5,5,data/models_deepmaxent_usa_30s/deepmaxent_usa_30s.pt,saved
Thuja plicata,3690,2008,243268,0.9270278427737528,100,4,5,data/models_deepmaxent_usa_30s/deepmaxent_usa_30s.pt,saved
Juniperus virginiana,3381,2462,242814,0.7760147911151668,100,5,5,data/models_deepmaxent_usa_30s/deepmaxent_usa_30s.pt,saved
Juniperus scopulorum,3270,2512,242764,0.932729668830093,100,5,5,data/models_deepmaxent_usa_30s/deepmaxent_usa_30s.pt,saved
Juniperus osteosperma,3572,2740,242536,0.973561251200595,100,4,5,data/models_deepmaxent_usa_30s/deepmaxent_usa_30s.pt,saved
Juniperus monosperma,3440,1929,243347,0.9585131967251623,100,4,5,data/models_deepmaxent_usa_30s/deepmaxent_usa_30s.pt,saved
Chamaecyparis thyoides,2894,1317,243959,0.9229106083918323,100,4,5,data/models_deepmaxent_usa_30s/deepmaxent_usa_30s.pt,saved
Chamaecyparis lawsoniana,1177,671,244605,0.8636568534083944,100,4,5,data/models_deepmaxent_usa_30s/deepmaxent_usa_30s.pt,saved
Calocedrus decurrens,3679,2246,243030,0.9128543336581616,100,5,5,data/models_deepmaxent_usa_30s/deepmaxent_usa_30s.pt,saved
Sequoia sempervirens,0,0,0,,0,0,5,,skip_no_records
Sequoiadendron giganteum,3589,515,244761,0.8994788369513576,100,4,5,data/models_deepmaxent_usa_30s/deepmaxent_usa_30s.pt,saved
Taxodium distichum,5265,2681,242595,0.8659095127883416,100,5,5,data/models_deepmaxent_usa_30s/deepmaxent_usa_30s.pt,saved
Taxodium ascendens,0,0,0,,0,0,5,,skip_no_records
Torreya californica,2147,776,244500,0.914028360265337,100,2,5,,skip_few_folds
Cryptomeria japonica,181,139,0,,0,0,5,,skip_few_cells
Metasequoia glyptostroboides,3591,235,245041,0.8615650203563182,100,4,5,data/models_deepmaxent_usa_30s/deepmaxent_usa_30s.pt,saved
Ginkgo biloba,2935,371,244905,0.8575158506548777,100,5,5,data/models_deepmaxent_usa_30s/deepmaxent_usa_30s.pt,saved
Cupressus macrocarpa,2823,568,244708,0.9753272146650883,100,3,5,data/models_deepmaxent_usa_30s/deepmaxent_usa_30s.pt,saved
Hesperocyparis arizonica,0,0,0,,0,0,5,,skip_no_records
Carya ovata,3413,2723,242553,0.8172752417570818,100,5,5,data/models_deepmaxent_usa_30s/deepmaxent_usa_30s.pt,saved
Carya laciniosa,664,501,244775,0.8369796154173417,100,5,5,data/models_deepmaxent_usa_30s/deepmaxent_usa_30s.pt,saved
Carya cordiformis,3478,2876,242400,0.8103481936470234,100,5,5,data/models_deepmaxent_usa_30s/deepmaxent_usa_30s.pt,saved
Carya glabra,3137,2442,242834,0.7647246628849316,100,5,5,data/models_deepmaxent_usa_30s/deepmaxent_usa_30s.pt,saved
Carya tomentosa,0,0,0,,0,0,5,,skip_no_records
Carya illinoinensis,3782,2171,243105,0.8542091237501616,100,5,5,data/models_deepmaxent_usa_30s/deepmaxent_usa_30s.pt,saved
Carya aquatica,938,720,244556,0.918967380746434,100,4,5,data/models_deepmaxent_usa_30s/deepmaxent_usa_30s.pt,saved
Juglans nigra,3546,2545,242731,0.8067270256172788,100,5,5,data/models_deepmaxent_usa_30s/deepmaxent_usa_30s.pt,saved
Juglans cinerea,3374,2382,242894,0.7099117202285556,100,5,5,data/models_deepmaxent_usa_30s/deepmaxent_usa_30s.pt,saved
Juglans regia,657,368,244908,0.8665631333053124,100,5,5,data/models_deepmaxent_usa_30s/deepmaxent_usa_30s.pt,saved
Juglans californica,3633,1148,244128,0.9306273996080962,100,2,5,,skip_few_folds
Castanea dentata,3229,2462,242814,0.8754383850052664,100,5,5,data/models_deepmaxent_usa_30s/deepmaxent_usa_30s.pt,saved
Castanea mollissima,1615,1095,244181,0.8286255327552116,100,5,5,data/models_deepmaxent_usa_30s/deepmaxent_usa_30s.pt,saved
Corylus americana,3653,3066,242210,0.8030320156354234,100,5,5,data/models_deepmaxent_usa_30s/deepmaxent_usa_30s.pt,saved
Corylus cornuta,3600,2870,242406,0.8043359900748348,100,5,5,data/models_deepmaxent_usa_30s/deepmaxent_usa_30s.pt,saved
Prunus amygdalus,0,0,0,,0,0,5,,skip_no_records
Pistacia vera,82,57,0,,0,0,5,,skip_few_cells
Fagus grandifolia,3617,2760,242516,0.8121792987304446,100,5,5,data/models_deepmaxent_usa_30s/deepmaxent_usa_30s.pt,saved
Fagus sylvatica,866,391,244885,0.8899492847293451,100,4,5,data/models_deepmaxent_usa_30s/deepmaxent_usa_30s.pt,saved
Betula alleghaniensis,3621,2626,242650,0.9014950643048416,100,4,5,data/models_deepmaxent_usa_30s/deepmaxent_usa_30s.pt,saved
Betula papyrifera,3518,2470,242806,0.7766551179720613,100,3,5,data/models_deepmaxent_usa_30s/deepmaxent_usa_30s.pt,saved
Betula lenta,3515,2564,242712,0.9157393987915393,100,4,5,data/models_deepmaxent_usa_30s/deepmaxent_usa_30s.pt,saved
Betula nigra,3688,2450,242826,0.8252563056913299,100,5,5,data/models_deepmaxent_usa_30s/deepmaxent_usa_30s.pt,saved
Betula populifolia,3656,2588,242688,0.878223809064899,100,4,5,data/models_deepmaxent_usa_30s/deepmaxent_usa_30s.pt,saved
Betula pendula,1059,459,244817,0.7976511723338804,100,5,5,data/models_deepmaxent_usa_30s/deepmaxent_usa_30s.pt,saved
Ostrya virginiana,3610,2625,242651,0.7979434498934979,100,5,5,data/models_deepmaxent_usa_30s/deepmaxent_usa_30s.pt,saved
Carpinus caroliniana,3646,2755,242521,0.8004970062482852,100,5,5,data/models_deepmaxent_usa_30s/deepmaxent_usa_30s.pt,saved
Carpinus betulus,2795,192,245084,0.8840700456604613,100,4,5,data/models_deepmaxent_usa_30s/deepmaxent_usa_30s.pt,saved
Fraxinus americana,3443,2492,242784,0.7832135912696041,100,5,5,data/models_deepmaxent_usa_30s/deepmaxent_usa_30s.pt,saved
Fraxinus pennsylvanica,3524,2326,242950,0.8147674553292003,100,5,5,data/models_deepmaxent_usa_30s/deepmaxent_usa_30s.pt,saved
Fraxinus nigra,3122,2101,243175,0.8761751390919159,100,4,5,data/models_deepmaxent_usa_30s/deepmaxent_usa_30s.pt,saved
Fraxinus quadrangulata,1660,985,244291,0.9136377977207,100,5,5,data/models_deepmaxent_usa_30s/deepmaxent_usa_30s.pt,saved
Fraxinus latifolia,3839,1917,243359,0.9353655288692372,100,4,5,data/models_deepmaxent_usa_30s/deepmaxent_usa_30s.pt,saved
Fraxinus velutina,2653,1561,243715,0.816938634333497,100,5,5,data/models_deepmaxent_usa_30s/deepmaxent_usa_30s.pt,saved
Ulmus americana,3609,2301,242975,0.7711815092223395,100,5,5,data/models_deepmaxent_usa_30s/deepmaxent_usa_30s.pt,saved
Ulmus rubra,3598,2771,242505,0.8272164226316038,100,5,5,data/models_deepmaxent_usa_30s/deepmaxent_usa_30s.pt,saved
Ulmus alata,3804,2988,242288,0.8925609070083615,100,5,5,data/models_deepmaxent_usa_30s/deepmaxent_usa_30s.pt,saved
Ulmus crassifolia,3911,1613,243663,0.8123914331286024,100,4,5,data/models_deepmaxent_usa_30s/deepmaxent_usa_30s.pt,saved
Ulmus parvifolia,2930,569,244707,0.8583584892532908,100,5,5,data/models_deepmaxent_usa_30s/deepmaxent_usa_30s.pt,saved
Ulmus pumila,3745,1716,243560,0.8854807054522773,100,5,5,data/models_deepmaxent_usa_30s/deepmaxent_usa_30s.pt,saved
Celtis occidentalis,3428,2326,242950,0.8288492921770153,100,5,5,data/models_deepmaxent_usa_30s/deepmaxent_usa_30s.pt,saved
Celtis laevigata,3652,2388,242888,0.8580928548608329,100,5,5,data/models_deepmaxent_usa_30s/deepmaxent_usa_30s.pt,saved
Tilia americana,0,0,0,,0,0,5,,skip_no_records
Tilia cordata,3126,303,244973,0.8859157681558608,100,5,5,data/models_deepmaxent_usa_30s/deepmaxent_usa_30s.pt,saved
Tilia tomentosa,3136,165,245111,0.8385261005931991,100,3,5,data/models_deepmaxent_usa_30s/deepmaxent_usa_30s.pt,saved
Platanus occidentalis,3685,2828,242448,0.8156647574549127,100,5,5,data/models_deepmaxent_usa_30s/deepmaxent_usa_30s.pt,saved
Platanus racemosa,3732,1642,243634,0.9445673332574422,100,2,5,,skip_few_folds
Platanus x acerifolia,0,0,0,,0,0,5,,skip_no_records
Liriodendron tulipifera,3620,2534,242742,0.8131102672341447,100,5,5,data/models_deepmaxent_usa_30s/deepmaxent_usa_30s.pt,saved
Liquidambar styraciflua,3478,2119,243157,0.8439693404498083,100,5,5,data/models_deepmaxent_usa_30s/deepmaxent_usa_30s.pt,saved
Nyssa sylvatica,3462,2632,242644,0.8228929733675532,100,5,5,data/models_deepmaxent_usa_30s/deepmaxent_usa_30s.pt,saved
Nyssa aquatica,977,649,244627,0.9418509312910289,100,4,5,data/models_deepmaxent_usa_30s/deepmaxent_usa_30s.pt,saved
Nyssa biflora,1167,963,244313,0.9263151099179997,100,4,5,data/models_deepmaxent_usa_30s/deepmaxent_usa_30s.pt,saved
Magnolia grandiflora,3735,2197,243079,0.8983192948900294,100,5,5,data/models_deepmaxent_usa_30s/deepmaxent_usa_30s.pt,saved
Magnolia virginiana,3697,2503,242773,0.8996380449237706,100,5,5,data/models_deepmaxent_usa_30s/deepmaxent_usa_30s.pt,saved
Magnolia acuminata,3451,2508,242768,0.8735508432370318,100,5,5,data/models_deepmaxent_usa_30s/deepmaxent_usa_30s.pt,saved
Magnolia macrophylla,3014,1395,243881,0.835379337856961,100,5,5,data/models_deepmaxent_usa_30s/deepmaxent_usa_30s.pt,saved
Magnolia tripetala,3842,1906,243370,0.8903870690113006,100,4,5,data/models_deepmaxent_usa_30s/deepmaxent_usa_30s.pt,saved
Magnolia stellata,176,96,245180,0.6646473262494617,100,5,5,data/models_deepmaxent_usa_30s/deepmaxent_usa_30s.pt,saved
Magnolia x soulangeana,0,0,0,,0,0,5,,skip_no_records
Cornus florida,3589,2760,242516,0.8334069439892848,100,5,5,data/models_deepmaxent_usa_30s/deepmaxent_usa_30s.pt,saved
Cornus nuttallii,3761,2178,243098,0.9576857297010829,100,4,5,data/models_deepmaxent_usa_30s/deepmaxent_usa_30s.pt,saved
Cornus kousa,1970,1093,244183,0.8562792764199652,100,5,5,data/models_deepmaxent_usa_30s/deepmaxent_usa_30s.pt,saved
Cornus alternifolia,3700,2842,242434,0.8655280396999965,100,5,5,data/models_deepmaxent_usa_30s/deepmaxent_usa_30s.pt,saved
Cercis canadensis,3603,2454,242822,0.8170031464914574,100,5,5,data/models_deepmaxent_usa_30s/deepmaxent_usa_30s.pt,saved
Cercis occidentalis,3801,1983,243293,0.7880887608364725,100,4,5,data/models_deepmaxent_usa_30s/deepmaxent_usa_30s.pt,saved
Amelanchier arborea,3186,2675,242601,0.7930472321116394,100,5,5,data/models_deepmaxent_usa_30s/deepmaxent_usa_30s.pt,saved
Amelanchier laevis,1739,1547,243729,0.8435865435052634,100,4,5,data/models_deepmaxent_usa_30s/deepmaxent_usa_30s.pt,saved
Amelanchier canadensis,1018,800,244476,0.843763950317594,100,4,5,data/models_deepmaxent_usa_30s/deepmaxent_usa_30s.pt,saved
Oxydendrum arboreum,3782,2813,242463,0.8663085109514712,100,4,5,data/models_deepmaxent_usa_30s/deepmaxent_usa_30s.pt,saved
Halesia carolina,941,742,244534,0.8373444482885269,100,4,5,data/models_deepmaxent_usa_30s/deepmaxent_usa_30s.pt,saved
Chionanthus virginicus,3696,2511,242765,0.8521712389302847,100,5,5,data/models_deepmaxent_usa_30s/deepmaxent_usa_30s.pt,saved
Asimina triloba,3685,2691,242585,0.864260683820951,100,5,5,data/models_deepmaxent_usa_30s/deepmaxent_usa_30s.pt,saved
Diospyros virginiana,3458,2789,242487,0.8174404232008115,100,5,5,data/models_deepmaxent_usa_30s/deepmaxent_usa_30s.pt,saved
Sassafras albidum,3463,2737,242539,0.8143018280569689,100,5,5,data/models_deepmaxent_usa_30s/deepmaxent_usa_30s.pt,saved
Aesculus glabra,3695,2311,242965,0.8180355800474226,100,5,5,data/models_deepmaxent_usa_30s/deepmaxent_usa_30s.pt,saved
Aesculus flava,1638,966,244310,0.8491889705073283,100,5,5,data/models_deepmaxent_usa_30s/deepmaxent_usa_30s.pt,saved
Aesculus californica,3825,1866,243410,0.9280984096693858,100,3,5,data/models_deepmaxent_usa_30s/deepmaxent_usa_30s.pt,saved
Aesculus hippocastanum,3056,482,244794,0.8600944886864627,100,5,5,data/models_deepmaxent_usa_30s/deepmaxent_usa_30s.pt,saved
Robinia pseudoacacia,3580,2431,242845,0.6931853683807496,100,5,5,data/models_deepmaxent_usa_30s/deepmaxent_usa_30s.pt,saved
Gleditsia triacanthos,0,0,0,,0,0,5,,skip_no_records
Gymnocladus dioicus,3630,1224,244052,0.8815629768711208,100,5,5,data/models_deepmaxent_usa_30s/deepmaxent_usa_30s.pt,saved
Cladrastis kentukea,1269,477,244799,0.8386619270633604,100,4,5,data/models_deepmaxent_usa_30s/deepmaxent_usa_30s.pt,saved
Maclura pomifera,3748,2482,242794,0.849469646357518,100,5,5,data/models_deepmaxent_usa_30s/deepmaxent_usa_30s.pt,saved
Morus rubra,3551,2724,242552,0.7985905268076582,100,5,5,data/models_deepmaxent_usa_30s/deepmaxent_usa_30s.pt,saved
Morus alba,3462,2220,243056,0.8261072574357147,100,5,5,data/models_deepmaxent_usa_30s/deepmaxent_usa_30s.pt,saved
Catalpa speciosa,3756,2265,243011,0.8041253937351843,100,5,5,data/models_deepmaxent_usa_30s/deepmaxent_usa_30s.pt,saved
Catalpa bignonioides,1587,1013,244263,0.7664999185221628,100,5,5,data/models_deepmaxent_usa_30s/deepmaxent_usa_30s.pt,saved
Paulownia tomentosa,0,0,0,,0,0,5,,skip_no_records
Ailanthus altissima,3123,1752,243524,0.8273071942041256,100,5,5,data/models_deepmaxent_usa_30s/deepmaxent_usa_30s.pt,saved
Melia azedarach,3766,2252,243024,0.8501414218842062,100,4,5,data/models_deepmaxent_usa_30s/deepmaxent_usa_30s.pt,saved
Triadica sebifera,3794,2320,242956,0.8824757180507292,100,4,5,data/models_deepmaxent_usa_30s/deepmaxent_usa_30s.pt,saved
Albizia julibrissin,3803,2738,242538,0.8376609404584453,100,5,5,data/models_deepmaxent_usa_30s/deepmaxent_usa_30s.pt,saved
Koelreuteria paniculata,3533,696,244580,0.8615647065581318,100,5,5,data/models_deepmaxent_usa_30s/deepmaxent_usa_30s.pt,saved
Zelkova serrata,3063,262,245014,0.9094453082509902,100,5,5,data/models_deepmaxent_usa_30s/deepmaxent_usa_30s.pt,saved
Styphnolobium japonicum,3020,280,244996,0.9042491302237089,100,5,5,data/models_deepmaxent_usa_30s/deepmaxent_usa_30s.pt,saved
Pyrus calleryana,3269,1554,243722,0.8727014450933547,100,5,5,data/models_deepmaxent_usa_30s/deepmaxent_usa_30s.pt,saved
Elaeagnus angustifolia,3728,2426,242850,0.9335935814740839,100,5,5,data/models_deepmaxent_usa_30s/deepmaxent_usa_30s.pt,saved
Tamarix ramosissima,3721,2765,242511,0.9184733632130069,100,5,5,data/models_deepmaxent_usa_30s/deepmaxent_usa_30s.pt,saved
Populus tremuloides,3644,2921,242355,0.8707410697311477,100,5,5,data/models_deepmaxent_usa_30s/deepmaxent_usa_30s.pt,saved
Populus grandidentata,0,0,0,,0,0,5,,skip_no_records
Populus deltoides,3625,2666,242610,0.8465788234442764,100,5,5,data/models_deepmaxent_usa_30s/deepmaxent_usa_30s.pt,saved
Populus fremontii,3753,2303,242973,0.9195517700966749,100,4,5,data/models_deepmaxent_usa_30s/deepmaxent_usa_30s.pt,saved
Populus balsamifera,2401,1742,243534,0.8492767359717552,100,5,5,data/models_deepmaxent_usa_30s/deepmaxent_usa_30s.pt,saved
Populus trichocarpa,3721,2328,242948,0.8836872808942595,100,4,5,data/models_deepmaxent_usa_30s/deepmaxent_usa_30s.pt,saved
Populus alba,3327,1985,243291,0.7603874685818963,100,5,5,data/models_deepmaxent_usa_30s/deepmaxent_usa_30s.pt,saved
Populus nigra,811,518,244758,0.786338012909085,100,5,5,data/models_deepmaxent_usa_30s/deepmaxent_usa_30s.pt,saved
Salix nigra,3510,2798,242478,0.7659141025345121,100,5,5,data/models_deepmaxent_usa_30s/deepmaxent_usa_30s.pt,saved
Salix amygdaloides,2609,2144,243132,0.9226216818045849,100,5,5,data/models_deepmaxent_usa_30s/deepmaxent_usa_30s.pt,saved
Salix babylonica,961,537,244739,0.8257291096598556,100,5,5,data/models_deepmaxent_usa_30s/deepmaxent_usa_30s.pt,saved
Salix alba,785,622,244654,0.8111922708089061,100,5,5,data/models_deepmaxent_usa_30s/deepmaxent_usa_30s.pt,saved
Alnus rubra,3572,2063,243213,0.9618708264541589,100,4,5,data/models_deepmaxent_usa_30s/deepmaxent_usa_30s.pt,saved
Alnus rhombifolia,3681,1846,243430,0.9244908513702256,100,4,5,data/models_deepmaxent_usa_30s/deepmaxent_usa_30s.pt,saved
Alnus incana,3570,3081,242195,0.8393738740467634,100,5,5,data/models_deepmaxent_usa_30s/deepmaxent_usa_30s.pt,saved
Alnus serrulata,3539,2929,242347,0.8378897416998777,100,5,5,data/models_deepmaxent_usa_30s/deepmaxent_usa_30s.pt,saved
Betula occidentalis,2324,1752,243524,0.9471978009983879,100,5,5,data/models_deepmaxent_usa_30s/deepmaxent_usa_30s.pt,saved
Platanus wrightii,3383,973,244303,0.9084476948074839,100,3,5,data/models_deepmaxent_usa_30s/deepmaxent_usa_30s.pt,saved
Arbutus menziesii,3612,2042,243234,0.9441802339711493,100,3,5,data/models_deepmaxent_usa_30s/deepmaxent_usa_30s.pt,saved
Umbellularia californica,0,0,0,,0,0,5,,skip_no_records
Lithocarpus densiflorus,0,0,0,,0,0,5,,skip_no_records
Prosopis glandulosa,0,0,0,,0,0,5,,skip_no_records
Prosopis velutina,3790,2040,243236,0.9004411960002177,100,2,5,,skip_few_folds
Parkinsonia florida,3827,2109,243167,0.9738085753685083,100,2,5,,skip_few_folds
Parkinsonia microphylla,3864,1686,243590,0.6959800028259658,100,3,5,data/models_deepmaxent_usa_30s/deepmaxent_usa_30s.pt,saved
Olneya tesota,3799,1703,243573,0.9832669710091295,100,2,5,,skip_few_folds
Carnegiea gigantea,3662,1645,243631,0.15751203914534806,100,1,5,,skip_few_folds
Yucca brevifolia,3770,1903,243373,0.9736270118047812,100,2,5,,skip_few_folds
Washingtonia filifera,3878,622,244654,0.9648105181673782,100,3,5,data/models_deepmaxent_usa_30s/deepmaxent_usa_30s.pt,saved
Sabal palmetto,3444,1650,243626,0.9612670706646721,100,3,5,data/models_deepmaxent_usa_30s/deepmaxent_usa_30s.pt,saved
Persea borbonia,1522,823,244453,0.942978658987238,100,4,5,data/models_deepmaxent_usa_30s/deepmaxent_usa_30s.pt,saved
Ilex opaca,3547,2617,242659,0.8665381768615973,100,5,5,data/models_deepmaxent_usa_30s/deepmaxent_usa_30s.pt,saved
Gordonia lasianthus,2373,1370,243906,0.903635204225357,100,2,5,,skip_few_folds
Eucalyptus globulus,2512,769,244507,0.8253235865835583,100,3,5,data/models_deepmaxent_usa_30s/deepmaxent_usa_30s.pt,saved
Eucalyptus camaldulensis,412,219,245057,0.6829247802114415,100,3,5,data/models_deepmaxent_usa_30s/deepmaxent_usa_30s.pt,saved
Schinus molle,3858,1213,244063,0.9671467573606229,100,2,5,,skip_few_folds
Jacaranda mimosifolia,120,104,0,,0,0,5,,skip_few_cells
Grevillea robusta,0,0,0,,0,0,5,,skip_no_records
Ficus macrophylla,0,0,0,,0,0,5,,skip_no_records
Cinnamomum camphora,2260,1340,243936,0.9136033240660464,100,5,5,data/models_deepmaxent_usa_30s/deepmaxent_usa_30s.pt,saved
Ligustrum lucidum,0,0,0,,0,0,5,,skip_no_records
Malus domestica,3682,2807,242469,0.7393608876566053,100,5,5,data/models_deepmaxent_usa_30s/deepmaxent_usa_30s.pt,saved
Malus coronaria,1141,872,244404,0.8249685437937095,100,5,5,data/models_deepmaxent_usa_30s/deepmaxent_usa_30s.pt,saved
Malus fusca,1168,683,244593,0.8415494786220487,100,4,5,data/models_deepmaxent_usa_30s/deepmaxent_usa_30s.pt,saved
Pyrus communis,1855,1388,243888,0.7023637885854359,100,5,5,data/models_deepmaxent_usa_30s/deepmaxent_usa_30s.pt,saved
Prunus serotina,3572,2656,242620,0.7292587335446593,100,5,5,data/models_deepmaxent_usa_30s/deepmaxent_usa_30s.pt,saved
Prunus virginiana,3492,2491,242785,0.8284174044729686,100,5,5,data/models_deepmaxent_usa_30s/deepmaxent_usa_30s.pt,saved
Prunus pensylvanica,3577,2946,242330,0.8586590534621372,100,4,5,data/models_deepmaxent_usa_30s/deepmaxent_usa_30s.pt,saved
Prunus americana,3485,2749,242527,0.7642639618178227,100,5,5,data/models_deepmaxent_usa_30s/deepmaxent_usa_30s.pt,saved
Prunus avium,2506,1696,243580,0.8154368690522311,100,5,5,data/models_deepmaxent_usa_30s/deepmaxent_usa_30s.pt,saved
Prunus persica,3748,2603,242673,0.7551706097789579,100,5,5,data/models_deepmaxent_usa_30s/deepmaxent_usa_30s.pt,saved
Prunus armeniaca,724,469,244807,0.8287857516753874,100,5,5,data/models_deepmaxent_usa_30s/deepmaxent_usa_30s.pt,saved
Prunus domestica,429,290,244986,0.8327707439515415,100,5,5,data/models_deepmaxent_usa_30s/deepmaxent_usa_30s.pt,saved
Prunus serrulata,403,91,245185,0.9132654313527241,100,4,5,data/models_deepmaxent_usa_30s/deepmaxent_usa_30s.pt,saved
Prunus cerasifera,2417,276,245000,0.8399011722471798,100,5,5,data/models_deepmaxent_usa_30s/deepmaxent_usa_30s.pt,saved
Prunus caroliniana,3780,1800,243476,0.8955979675415542,100,4,5,data/models_deepmaxent_usa_30s/deepmaxent_usa_30s.pt,saved
Citrus x sinensis,0,0,0,,0,0,5,,skip_no_records
Citrus x limon,0,0,0,,0,0,5,,skip_no_records
Olea europaea,1645,742,244534,0.8051975275587404,100,3,5,data/models_deepmaxent_usa_30s/deepmaxent_usa_30s.pt,saved
Ficus carica,3731,1790,243486,0.7969474070311764,100,5,5,data/models_deepmaxent_usa_30s/deepmaxent_usa_30s.pt,saved
Punica granatum,1772,864,244412,0.8022516443090499,100,5,5,data/models_deepmaxent_usa_30s/deepmaxent_usa_30s.pt,saved
Persea americana,460,192,245084,0.7528279782865258,100,5,5,data/models_deepmaxent_usa_30s/deepmaxent_usa_30s.pt,saved
Crataegus crus-galli,2150,1429,243847,0.7569171524206463,100,5,5,data/models_deepmaxent_usa_30s/deepmaxent_usa_30s.pt,saved
Crataegus phaenopyrum,604,356,244920,0.8080876949224933,100,5,5,data/models_deepmaxent_usa_30s/deepmaxent_usa_30s.pt,saved
Sorbus americana,2946,1590,243686,0.9084392609112986,100,5,5,data/models_deepmaxent_usa_30s/deepmaxent_usa_30s.pt,saved
Sorbus aucuparia,3084,1634,243642,0.8495954056920603,100,5,5,data/models_deepmaxent_usa_30s/deepmaxent_usa_30s.pt,saved
Cotinus obovatus,695,344,244932,0.8715885240916996,100,5,5,data/models_deepmaxent_usa_30s/deepmaxent_usa_30s.pt,saved
Chilopsis linearis,3718,2216,243060,0.7929033870193078,100,4,5,data/models_deepmaxent_usa_30s/deepmaxent_usa_30s.pt,saved
Lagerstroemia indica,895,664,244612,0.8413527320984209,100,5,5,data/models_deepmaxent_usa_30s/deepmaxent_usa_30s.pt,saved
Vitex agnus-castus,3873,1836,243440,0.8095746579744182,100,5,5,data/models_deepmaxent_usa_30s/deepmaxent_usa_30s.pt,saved
