species,n_records,n_unique_cells,n_absences,auc,n_trees,n_folds_usable,n_folds,model_path,status
Quercusia quercus,2987,0,0,,0,0,0,,skip_not_tree
Zapatella quercusmedullae,52,0,0,,0,0,0,,skip_not_tree
Andricus quercustozae,2888,0,0,,0,0,0,,skip_not_tree
Zapatella quercusphellos,503,0,0,,0,0,0,,skip_not_tree
Acraspis quercushirta,1593,0,0,,0,0,0,,skip_not_tree
Cynips quercusfolii,2965,0,0,,0,0,0,,skip_not_tree
Quercus shumardii,2888,603,603,0.9125151280119653,15,3,5,data/models/Quercus_shumardii.json,saved
Quercus lamellosa,143,47,0,,0,0,0,,skip_few_cells
Quercus griffithii,363,135,135,0.8834599708828507,10,4,5,data/models/Quercus_griffithii.json,saved
Quercus blakei,221,61,0,,0,0,0,,skip_few_cells
Quercus langbianensis,58,24,0,,0,0,0,,skip_few_cells
Quercus argentata,201,74,0,,0,0,0,,skip_few_cells
Quercus convallata,212,70,0,,0,0,0,,skip_few_cells
Quercus conspersa,715,247,247,0.8638448955999207,10,5,5,data/models/Quercus_conspersa.json,saved
Quercus lanata,143,56,0,,0,0,0,,skip_few_cells
Quercus cerris,2981,897,897,0.9773193670811906,95,5,5,data/models/Quercus_cerris.json,saved
Quercus salicina,2218,453,453,0.8814778678339461,10,4,5,data/models/Quercus_salicina.json,saved
Quercus rysophylla,430,87,87,0.797363834422658,10,3,5,data/models/Quercus_rysophylla.json,saved
Pheletes quercus,2092,0,0,,0,0,0,,skip_not_tree
Quercus gentryi,285,131,131,0.8004196405286652,28,5,5,data/models/Quercus_gentryi.json,saved
Quercus oxyodon,1355,196,196,0.733707264957265,10,4,5,data/models/Quercus_oxyodon.json,saved
Quercus polycarpa,187,62,0,,0,0,0,,skip_few_cells
Quercus acrodonta,248,80,80,0.7364645198855725,11,5,5,data/models/Quercus_acrodonta.json,saved
Quercus hondae,53,13,0,,0,0,0,,skip_few_cells
Quercus vacciniifolia,1143,184,184,0.9350422915526364,49,3,5,data/models/Quercus_vacciniifolia.json,saved
Quercus humboldtii,2767,32,0,,0,0,0,,skip_few_cells
Quercus lineata,166,67,0,,0,0,0,,skip_few_cells
Quercus eduardii,1663,345,345,0.4084507042253521,10,2,5,,skip_few_folds
Quercus robur,2994,997,997,0.9660520002738762,53,5,5,data/models/Quercus_robur.json,saved
Quercus canariensis,2964,252,252,0.8730244252873564,17,4,5,data/models/Quercus_canariensis.json,saved
Quercus repanda,218,67,0,,0,0,0,,skip_few_cells
Quercus infectoria,2989,172,172,0.9430580514318553,17,5,5,data/models/Quercus_infectoria.json,saved
Quercus pannosa,444,68,0,,0,0,0,,skip_few_cells
Quercus glauca,2866,328,328,0.888683782827741,19,4,5,data/models/Quercus_glauca.json,saved
Quercus galeanensis,34,13,0,,0,0,0,,skip_few_cells
Quercus frutex,425,99,99,0.6180555555555556,10,3,5,data/models/Quercus_frutex.json,saved
Quercus hui,367,68,0,,0,0,0,,skip_few_cells
Quercus welshii,624,89,89,0.7004484126984127,32,5,5,data/models/Quercus_welshii.json,saved
Quercus rapurahuensis,71,23,0,,0,0,0,,skip_few_cells
Quercus scytophylla,784,228,228,0.934396771803312,10,5,5,data/models/Quercus_scytophylla.json,saved
Quercus toumeyi,410,122,122,0.7867416624769566,10,3,5,data/models/Quercus_toumeyi.json,saved
Quercus durifolia,511,137,137,0.4375,10,2,5,,skip_few_folds
Quercus wutaishanica,360,128,128,0.7909340316747725,31,3,5,data/models/Quercus_wutaishanica.json,saved
Quercus senescens,298,58,0,,0,0,0,,skip_few_cells
Quercus coccifera,2974,727,727,0.9261015382280776,22,5,5,data/models/Quercus_coccifera.json,saved
Quercus kelloggii,2933,367,367,0.951749942159646,33,5,5,data/models/Quercus_kelloggii.json,saved
Quercus longispica,220,37,0,,0,0,0,,skip_few_cells
Quercus gilva,902,219,219,0.9498601772537943,10,3,5,data/models/Quercus_gilva.json,saved
Quercus turbinella,2904,273,273,0.792642726730981,10,5,5,data/models/Quercus_turbinella.json,saved
Quercus crassipes,1197,241,241,0.46025076697345607,10,3,5,data/models/Quercus_crassipes.json,saved
Quercus xalapensis,543,144,144,0.7916666666666666,10,3,5,data/models/Quercus_xalapensis.json,saved
Quercus dalechampii,121,82,82,0.7601443695193695,10,5,5,data/models/Quercus_dalechampii.json,saved
Quercus macranthera,416,161,161,0.6877228379857689,15,4,5,data/models/Quercus_macranthera.json,saved
Quercus vaseyana,512,143,143,0.5815147183702013,17,3,5,data/models/Quercus_vaseyana.json,saved
Quercus mexicana,1207,249,249,0.7307692307692308,10,2,5,,skip_few_folds
Quercus canbyi,369,77,0,,0,0,0,,skip_few_cells
Quercus liebmannii,356,106,106,0.7222222222222222,10,2,5,,skip_few_folds
Quercus fleuryi,74,29,0,,0,0,0,,skip_few_cells
Stomaphis quercus,101,0,0,,0,0,0,,skip_not_tree
Quercus petraea,2971,1141,1141,0.9748104384395808,25,3,5,data/models/Quercus_petraea.json,saved
Quercus pyrenaica,2977,674,674,0.8332246518289164,86,4,5,data/models/Quercus_pyrenaica.json,saved
Quercus pubescens,2966,1001,1001,0.9144891096915633,101,5,5,data/models/Quercus_pubescens.json,saved
Quercus trinitatis,71,19,0,,0,0,0,,skip_few_cells
Quercus oocarpa,160,63,0,,0,0,0,,skip_few_cells
Quercus vulcanica,30,13,0,,0,0,0,,skip_few_cells
Psallus quercus,210,0,0,,0,0,0,,skip_not_tree
Phyllomydas quercus,38,0,0,,0,0,0,,skip_not_tree
Quercus calophylla,326,150,150,0.3984375,10,2,5,,skip_few_folds
Quercus chihuahuensis,702,272,272,0.9608284261086604,93,2,5,,skip_few_folds
Quercus dysophylla,91,50,0,,0,0,0,,skip_few_cells
Paenibacillus quercus,44,0,0,,0,0,0,,skip_not_tree
Quercus purulhana,193,81,81,0.882006432465024,10,5,5,data/models/Quercus_purulhana.json,saved
Quercus centralis,90,42,0,,0,0,0,,skip_few_cells
Quercus michauxii,2832,861,861,0.8408006059345171,20,4,5,data/models/Quercus_michauxii.json,saved
Quercus crenata,815,114,114,0.8915760869565218,10,4,5,data/models/Quercus_crenata.json,saved
Quercus albocincta,264,80,80,0.8798899653194112,14,5,5,data/models/Quercus_albocincta.json,saved
Quercus tarokoensis,189,19,0,,0,0,0,,skip_few_cells
Quercus phellos,2825,804,804,0.865397318103238,33,4,5,data/models/Quercus_phellos.json,saved
Quercus phanera,61,16,0,,0,0,0,,skip_few_cells
Quercus conzattii,426,92,92,0.8457012843897248,11,3,5,data/models/Quercus_conzattii.json,saved
Quercus glaucoides,895,291,291,0.8092452052833217,58,3,5,data/models/Quercus_glaucoides.json,saved
Quercus floribunda,94,44,0,,0,0,0,,skip_few_cells
Pinus wallichiana,1797,636,636,0.8822244301445998,33,5,5,data/models/Pinus_wallichiana.json,saved
Pinus nigra,2961,952,952,0.9570092952869146,47,5,5,data/models/Pinus_nigra.json,saved
Pinus pinaster,2987,871,871,0.9833303574978156,10,5,5,data/models/Pinus_pinaster.json,saved
Pinus devoniana,1088,347,347,0.7805008162151019,30,4,5,data/models/Pinus_devoniana.json,saved
Pinus pseudostrobus,2991,545,545,0.7373706004140788,10,3,5,data/models/Pinus_pseudostrobus.json,saved
Pinus roxburghii,261,134,134,0.8369498408174151,43,4,5,data/models/Pinus_roxburghii.json,saved
Pinus albicaulis,2945,529,529,0.9340253501496758,54,5,5,data/models/Pinus_albicaulis.json,saved
Pinus banksiana,2888,1104,1104,0.9243374152469628,73,5,5,data/models/Pinus_banksiana.json,saved
Pinus lambertiana,2868,377,377,0.9504105118808823,50,5,5,data/models/Pinus_lambertiana.json,saved
Pinus pallasiana,62,24,0,,0,0,0,,skip_few_cells
Pinus tecunumanii,898,119,119,0.7191558441558441,10,3,5,data/models/Pinus_tecunumanii.json,saved
Pinus luzmariae,91,41,0,,0,0,0,,skip_few_cells
Pinus praetermissa,65,22,0,,0,0,0,,skip_few_cells
Pinus pringlei,409,127,127,0.6071428571428571,10,2,5,,skip_few_folds
Pinus halepensis,2971,776,776,0.9601986717959499,62,5,5,data/models/Pinus_halepensis.json,saved
Pinus pinea,2969,650,650,0.9708626962138918,13,4,5,data/models/Pinus_pinea.json,saved
Choristoneura pinus,1218,0,0,,0,0,0,,skip_not_tree
Carduelis pinus,2989,0,0,,0,0,0,,skip_not_tree
Pinus rigida,2936,387,387,0.7759535021848882,10,3,5,data/models/Pinus_rigida.json,saved
Pinus strobus,2936,1098,1098,0.9485907306442579,117,3,5,data/models/Pinus_strobus.json,saved
Spinus pinus,2772,0,0,,0,0,0,,skip_not_tree
Pinus koraiensis,2191,603,603,0.8681866528504047,36,5,5,data/models/Pinus_koraiensis.json,saved
Pinus discolor,625,103,103,0.7691309627517752,10,5,5,data/models/Pinus_discolor.json,saved
Pinus monophylla,2910,364,364,0.8291948300520131,101,5,5,data/models/Pinus_monophylla.json,saved
Pinus maximinoi,812,266,266,0.9357386149411696,29,4,5,data/models/Pinus_maximinoi.json,saved
Pinus cembroides,2912,528,528,0.5557504245999821,10,3,5,data/models/Pinus_cembroides.json,saved
Pinus douglasiana,563,150,150,0.5787037037037037,15,2,5,,skip_few_folds
Pinus lumholtzii,716,221,221,0.626894729523015,10,3,5,data/models/Pinus_lumholtzii.json,saved
Pinus herrerae,324,132,132,0.8674031986531986,61,3,5,data/models/Pinus_herrerae.json,saved
Pinus contorta,2940,973,973,0.960404032762391,17,5,5,data/models/Pinus_contorta.json,saved
Pinus palustris,2782,556,556,0.9158903214455888,53,5,5,data/models/Pinus_palustris.json,saved
Pinus resinosa,2872,1165,1165,0.9077460668872143,82,4,5,data/models/Pinus_resinosa.json,saved
Pinus arizonica,1541,325,325,0.5144094619356988,10,3,5,data/models/Pinus_arizonica.json,saved
Pinus aristata,1674,206,206,0.8293640584949129,23,4,5,data/models/Pinus_aristata.json,saved
Pinus parviflora,1103,383,383,0.8819955800566772,42,5,5,data/models/Pinus_parviflora.json,saved
Pinus pinceana,725,97,97,0.5,10,2,5,,skip_few_folds
Pinus echinata,2781,983,983,0.7639916237113402,10,4,5,data/models/Pinus_echinata.json,saved
Pinus merkusii,160,87,87,0.8454801639584248,41,4,5,data/models/Pinus_merkusii.json,saved
Pinus virginiana,2846,838,838,0.7209677419354839,10,2,5,,skip_few_folds
Pinus yunnanensis,784,171,171,0.5915591931216931,10,3,5,data/models/Pinus_yunnanensis.json,saved
Pinus radiata,2976,527,527,0.9840665686051597,19,5,5,data/models/Pinus_radiata.json,saved
Pinus pumila,2877,609,609,0.7867416772790521,37,4,5,data/models/Pinus_pumila.json,saved
Pinus ponderosa,2959,628,628,0.8858836859466411,40,3,5,data/models/Pinus_ponderosa.json,saved
Pinus flexilis,2917,589,589,0.9624451190995114,22,5,5,data/models/Pinus_flexilis.json,saved
Pinus nelsonii,488,34,0,,0,0,0,,skip_few_cells
Pinus rzedowskii,419,12,0,,0,0,0,,skip_few_cells
Pinus mugo,2993,711,711,0.9220047879601797,32,4,5,data/models/Pinus_mugo.json,saved
Pinus leiophylla,2967,635,635,0.7151921600505804,10,3,5,data/models/Pinus_leiophylla.json,saved
Pinus tropicalis,39,15,0,,0,0,0,,skip_few_cells
Pinus hwangshanensis,121,37,0,,0,0,0,,skip_few_cells
Pinus brutia,2430,472,472,0.9521871508275634,10,5,5,data/models/Pinus_brutia.json,saved
Pinus tabuliformis,1347,375,375,0.7713785225582039,58,5,5,data/models/Pinus_tabuliformis.json,saved
Pinus oocarpa,2070,543,543,0.9650556380809489,12,3,5,data/models/Pinus_oocarpa.json,saved
Pinus wangii,34,13,0,,0,0,0,,skip_few_cells
Pinus elliottii,2882,426,426,0.9072102575399927,10,5,5,data/models/Pinus_elliottii.json,saved
Setophaga pinus,2674,0,0,,0,0,0,,skip_not_tree
Pinus yecorensis,57,14,0,,0,0,0,,skip_few_cells
Pinus teocote,1673,442,442,0.7179036744254135,10,3,5,data/models/Pinus_teocote.json,saved
Pinus dalatensis,45,11,0,,0,0,0,,skip_few_cells
Pinus cembra,2985,451,451,0.7834853174998336,10,3,5,data/models/Pinus_cembra.json,saved
Pinus monticola,2928,695,695,0.7884160756501183,10,3,5,data/models/Pinus_monticola.json,saved
Pinus coulteri,2906,192,192,0.7669105904556945,10,4,5,data/models/Pinus_coulteri.json,saved
Pinus culminicola,378,21,0,,0,0,0,,skip_few_cells
Pinus canariensis,2797,199,199,0.9784487993968171,21,5,5,data/models/Pinus_canariensis.json,saved
Pinus patula,2992,262,262,0.9829860034974441,63,5,5,data/models/Pinus_patula.json,saved
Pinus kesiya,418,188,188,0.8767665598285953,42,5,5,data/models/Pinus_kesiya.json,saved
Pinus remota,445,80,80,0.5394736842105263,10,2,5,,skip_few_folds
Pinus jaliscana,92,21,0,,0,0,0,,skip_few_cells
Pinus glabra,809,319,319,0.7215816454787043,14,4,5,data/models/Pinus_glabra.json,saved
Pinus lawsonii,358,131,131,0.8030303030303031,10,3,5,data/models/Pinus_lawsonii.json,saved
Pinus engelmannii,1641,227,227,0.6277522636961761,10,4,5,data/models/Pinus_engelmannii.json,saved
Pinus sylvestris,2990,1067,1067,0.9156372499347516,11,5,5,data/models/Pinus_sylvestris.json,saved
Pinus fenzeliana,237,83,83,0.4868421052631579,10,2,5,,skip_few_folds
Pinus serotina,903,286,286,0.7865330430327868,10,4,5,data/models/Pinus_serotina.json,saved
Vermivora pinus,1169,0,0,,0,0,0,,skip_not_tree
Pinus sibirica,2997,535,535,0.8329292547327427,76,5,5,data/models/Pinus_sibirica.json,saved
Pinus cubensis,87,27,0,,0,0,0,,skip_few_cells
Pinus armandii,2208,435,435,0.8773480181166657,80,5,5,data/models/Pinus_armandii.json,saved
Pinus densata,791,114,114,0.734375,10,4,5,data/models/Pinus_densata.json,saved
Pinus jeffreyi,2929,301,301,0.743732406027488,10,3,5,data/models/Pinus_jeffreyi.json,saved
Pinus peuce,878,256,256,0.9236297914119004,23,4,5,data/models/Pinus_peuce.json,saved
Pinus taeda,2855,902,902,0.9529040041190366,94,4,5,data/models/Pinus_taeda.json,saved
Pinus latteri,67,36,0,,0,0,0,,skip_few_cells
Pinus hartwegii,1848,243,243,0.8014090765348374,10,5,5,data/models/Pinus_hartwegii.json,saved
Pinus sabiniana,2877,277,277,0.9370767738853474,21,5,5,data/models/Pinus_sabiniana.json,saved
Pinus quadrifolia,1362,78,0,,0,0,0,,skip_few_cells
Pinus bhutanica,65,29,0,,0,0,0,,skip_few_cells
Pinus greggii,482,116,116,0.8275862068965518,10,5,5,data/models/Pinus_greggii.json,saved
Pinus durangensis,982,172,172,0.6627431476569408,10,4,5,data/models/Pinus_durangensis.json,saved
Pinus ayacahuite,1076,236,236,0.7890306056539383,80,5,5,data/models/Pinus_ayacahuite.json,saved
Dendroica pinus,3000,0,0,,0,0,0,,skip_not_tree
Acer hookeri,45,14,0,,0,0,0,,skip_few_cells
Acer sieboldianum,2557,513,513,0.6972354642871693,10,3,5,data/models/Acer_sieboldianum.json,saved
Acer glabrum,2934,911,911,0.8468834947080804,145,3,5,data/models/Acer_glabrum.json,saved
Acer shenkanense,53,22,0,,0,0,0,,skip_few_cells
Acer laxiflorum,1130,101,101,0.6348484848484849,10,3,5,data/models/Acer_laxiflorum.json,saved
Acer cissifolium,1149,347,347,0.9032374671169239,10,4,5,data/models/Acer_cissifolium.json,saved
Acer crataegifolium,2286,429,429,0.6976034375102699,10,3,5,data/models/Acer_crataegifolium.json,saved
Acer negundo,2915,1411,1411,0.9078652226755256,50,5,5,data/models/Acer_negundo.json,saved
Acer buergerianum,1950,574,574,0.9318890207064754,46,5,5,data/models/Acer_buergerianum.json,saved
Acer caudatum,1245,180,180,0.8762552980004504,42,3,5,data/models/Acer_caudatum.json,saved
Acer stachyophyllum,1953,206,206,0.855894778794586,26,5,5,data/models/Acer_stachyophyllum.json,saved
Acer rubrum,2867,1259,1259,0.9423700471002345,10,5,5,data/models/Acer_rubrum.json,saved
Acer monspessulanum,2971,838,838,0.8955909797967015,39,5,5,data/models/Acer_monspessulanum.json,saved
Acer cappadocicum,2794,751,751,0.9497154957026795,53,4,5,data/models/Acer_cappadocicum.json,saved
Acer argutum,794,183,183,0.7260957066189624,13,5,5,data/models/Acer_argutum.json,saved
Acer pectinatum,76,25,0,,0,0,0,,skip_few_cells
Myrmeleon acer,760,0,0,,0,0,0,,skip_not_tree
Acer ginnala,2935,855,855,0.9136138537722646,60,5,5,data/models/Acer_ginnala.json,saved
Acer campestre,2983,862,862,0.8263833273714072,33,4,5,data/models/Acer_campestre.json,saved
Acer pseudoplatanus,2981,835,835,0.9683860412437058,36,4,5,data/models/Acer_pseudoplatanus.json,saved
Acer trautvetteri,32,12,0,,0,0,0,,skip_few_cells
Acer macrophyllum,2943,483,483,0.9277910556606193,46,5,5,data/models/Acer_macrophyllum.json,saved
Acer micranthum,1771,385,385,0.7347883597883599,25,3,5,data/models/Acer_micranthum.json,saved
Acer henryi,717,190,190,0.7007871681707398,10,4,5,data/models/Acer_henryi.json,saved
Acer amplum,616,156,156,0.8583216574345607,16,3,5,data/models/Acer_amplum.json,saved
Acer nikoense,115,56,0,,0,0,0,,skip_few_cells
Acer tegmentosum,1268,317,317,0.6986324912059604,25,5,5,data/models/Acer_tegmentosum.json,saved
Acer sikkimense,198,58,0,,0,0,0,,skip_few_cells
Acer morrisonense,1072,46,0,,0,0,0,,skip_few_cells
Acer sterculiaceum,1369,239,239,0.8655747510043709,16,4,5,data/models/Acer_sterculiaceum.json,saved
Acer australe,137,63,0,,0,0,0,,skip_few_cells
Acer opalus,2984,716,716,0.9198036662948177,30,5,5,data/models/Acer_opalus.json,saved
Acer wilsonii,495,151,151,0.6875,10,2,5,,skip_few_folds
Acer triflorum,737,204,204,0.6285757002282335,10,4,5,data/models/Acer_triflorum.json,saved
Acer tataricum,2964,1247,1247,0.9071415058197989,37,5,5,data/models/Acer_tataricum.json,saved
Acer platanoides,2964,1052,1052,0.9425481667056115,49,5,5,data/models/Acer_platanoides.json,saved
Acer forrestii,415,86,86,0.8971180555555556,10,4,5,data/models/Acer_forrestii.json,saved
Acer distylum,922,250,250,0.8207547169811321,10,3,5,data/models/Acer_distylum.json,saved
Acer diabolicum,588,158,158,0.8690352150741146,50,3,5,data/models/Acer_diabolicum.json,saved
Acer sempervirens,426,109,109,0.8136363636363636,10,4,5,data/models/Acer_sempervirens.json,saved
Acer saccharum,2870,1111,1111,0.9514451417734093,52,4,5,data/models/Acer_saccharum.json,saved
Acer takesimense,77,11,0,,0,0,0,,skip_few_cells
Acer palmatum,2866,975,975,0.963968617843887,140,5,5,data/models/Acer_palmatum.json,saved
Acer decandrum,59,15,0,,0,0,0,,skip_few_cells
Acer pubipetiolatum,47,17,0,,0,0,0,,skip_few_cells
Acer tsinglingense,62,26,0,,0,0,0,,skip_few_cells
Acer acuminatum,101,35,0,,0,0,0,,skip_few_cells
Acer pauciflorum,78,26,0,,0,0,0,,skip_few_cells
Acer japonicum,2897,574,574,0.8804476880585935,10,4,5,data/models/Acer_japonicum.json,saved
Acer kweilinense,111,28,0,,0,0,0,,skip_few_cells
Acer lucidum,137,24,0,,0,0,0,,skip_few_cells
Acer chienii,42,12,0,,0,0,0,,skip_few_cells
Acer kuomeii,52,8,0,,0,0,0,,skip_few_cells
Acer cinnamomifolium,265,91,91,0.8663267288267288,21,3,5,data/models/Acer_cinnamomifolium.json,saved
Acer tschonoskii,2016,353,353,0.7038779815723758,17,4,5,data/models/Acer_tschonoskii.json,saved
Erigeron acer,2999,0,0,,0,0,0,,skip_not_tree
Acer discolor,37,10,0,,0,0,0,,skip_few_cells
Acer rufinerve,2730,591,591,0.919400213211857,10,4,5,data/models/Acer_rufinerve.json,saved
Acer pseudosieboldianum,2996,411,411,0.6944444444444445,10,3,5,data/models/Acer_pseudosieboldianum.json,saved
Acer tenuifolium,708,197,197,,0,0,5,,skip_no_folds
Acer miyabei,1356,75,0,,0,0,0,,skip_few_cells
Acer pentaphyllum,81,15,0,,0,0,0,,skip_few_cells
Acer obtusatum,528,174,174,0.8422954204204204,10,4,5,data/models/Acer_obtusatum.json,saved
Acer oliverianum,777,191,191,0.7783708958127563,23,4,5,data/models/Acer_oliverianum.json,saved
Acer saccharinum,2895,1349,1349,0.9224182848886165,10,5,5,data/models/Acer_saccharinum.json,saved
Acer spicatum,2839,1130,1130,0.8588509556776067,15,3,5,data/models/Acer_spicatum.json,saved
Acer ukurunduense,2285,556,556,0.8308097991096023,27,5,5,data/models/Acer_ukurunduense.json,saved
Acer komarovii,541,121,121,0.6203258547008547,10,4,5,data/models/Acer_komarovii.json,saved
Acer laevigatum,695,141,141,0.8113636363636363,10,4,5,data/models/Acer_laevigatum.json,saved
Acer davidii,2981,618,618,0.8553087952343027,36,5,5,data/models/Acer_davidii.json,saved
Theristus acer,152,0,0,,0,0,0,,skip_not_tree
Acer ibericum,54,22,0,,0,0,0,,skip_few_cells
Acer pubipalmatum,35,14,0,,0,0,0,,skip_few_cells
Acer obtusifolium,653,60,0,,0,0,0,,skip_few_cells
Acer binzayedii,44,3,0,,0,0,0,,skip_few_cells
Acer hyrcanum,595,114,114,0.9174594017094017,24,4,5,data/models/Acer_hyrcanum.json,saved
Acer pycnanthum,60,21,0,,0,0,0,,skip_few_cells
Acer griseum,787,194,194,0.9618876944893218,50,5,5,data/models/Acer_griseum.json,saved
Acer pubinerve,258,79,0,,0,0,0,,skip_few_cells
Fagus lucida,265,77,0,,0,0,0,,skip_few_cells
Fagus sylvatica,2968,1154,1154,0.8938059226451973,10,5,5,data/models/Fagus_sylvatica.json,saved
Fagus orientalis,2992,358,358,0.8956995292761242,10,3,5,data/models/Fagus_orientalis.json,saved
Fagus crenata,2993,180,180,0.6890243902439025,10,2,5,,skip_few_folds
Fagus japonica,1556,279,279,0.8598799847755139,37,3,5,data/models/Fagus_japonica.json,saved
Fagus taurica,435,43,0,,0,0,0,,skip_few_cells
Fagus hayatae,245,14,0,,0,0,0,,skip_few_cells
Rhyzobius fagus,69,0,0,,0,0,0,,skip_not_tree
Fagus engleriana,321,76,0,,0,0,0,,skip_few_cells
Fagus grandifolia,2864,974,974,0.9235212048925827,36,5,5,data/models/Fagus_grandifolia.json,saved
Fagus sinensis,1309,245,245,0.8789985439901397,74,3,5,data/models/Fagus_sinensis.json,saved
Fagus longipetiolata,1268,234,234,0.8852049871437848,31,4,5,data/models/Fagus_longipetiolata.json,saved
Fagus multinervis,126,6,0,,0,0,0,,skip_few_cells
Betulapion simile,2992,0,0,,0,0,0,,skip_not_tree
Biston betularia,2945,0,0,,0,0,0,,skip_not_tree
Betula humilis,2951,727,727,0.8661201969261785,24,4,5,data/models/Betula_humilis.json,saved
Betula alba,2996,398,398,0.6146090534979424,10,3,5,data/models/Betula_alba.json,saved
Betula neoalaskana,780,350,350,0.791479072696631,39,5,5,data/models/Betula_neoalaskana.json,saved
Betula pubescens,2990,1192,1192,0.9169924609127703,38,5,5,data/models/Betula_pubescens.json,saved
Betula fargesii,103,21,0,,0,0,0,,skip_few_cells
Betula calcicola,65,19,0,,0,0,0,,skip_few_cells
Betula lenta,2819,584,584,0.8275471496071027,28,3,5,data/models/Betula_lenta.json,saved
Betula alleghaniensis,2923,699,699,0.897753624170034,17,5,5,data/models/Betula_alleghaniensis.json,saved
Betula raddeana,95,46,0,,0,0,0,,skip_few_cells
Betula utilis,2953,573,573,0.8802906155171717,83,4,5,data/models/Betula_utilis.json,saved
Betula glandulosa,2925,1152,1152,0.7634767676692696,19,5,5,data/models/Betula_glandulosa.json,saved
Betula maximowicziana,1168,255,255,0.8693563153961136,24,3,5,data/models/Betula_maximowicziana.json,saved
Betula kenaica,88,62,0,,0,0,0,,skip_few_cells
Betula potaninii,249,42,0,,0,0,0,,skip_few_cells
Betula davurica,1086,397,397,0.8169526374214501,10,5,5,data/models/Betula_davurica.json,saved
Betula pendula,2987,1068,1068,0.9008300862050331,69,5,5,data/models/Betula_pendula.json,saved
Betula alnoides,308,147,147,0.7612102247454964,10,5,5,data/models/Betula_alnoides.json,saved
Betula corylifolia,3000,154,154,0.8219361827694097,30,5,5,data/models/Betula_corylifolia.json,saved
Betula sect,194,0,0,,0,0,0,,skip_not_tree
Boletellus betula,39,0,0,,0,0,0,,skip_not_tree
Betula tianschanica,379,87,87,0.6455795903029842,13,4,5,data/models/Betula_tianschanica.json,saved
Betula schmidtii,1053,297,297,0.7722358742570686,10,4,5,data/models/Betula_schmidtii.json,saved
Betula pumila,2731,1090,1090,0.8910320417948197,79,4,5,data/models/Betula_pumila.json,saved
Betula michauxii,296,164,164,0.8292274665808389,44,5,5,data/models/Betula_michauxii.json,saved
Betula delavayi,250,60,0,,0,0,0,,skip_few_cells
Betula globispica,211,31,0,,0,0,0,,skip_few_cells
