species,auc,tss,tss_max,boyce,sensitivity,omission_rate,n_presence
Quercus suber,0.9502894747627496,0.8077954734569696,0.8325606415912082,0.8966865794404839,0.9190286594330194,0.08097134056698059,276.6666666666667
Pinus uncinata,0.9221552682383681,0.7268733540155584,0.7936711052209812,0.9180791483420305,0.9113910438459676,0.08860895615403244,243.75
Melia azedarach,0.9199815151650123,0.5501425813493187,0.7225395991661188,0.9129337442253409,0.7039167921644983,0.2960832078355016,373.6
Pinus cembra,0.9136945055567867,0.49666879571048267,0.7285897634592283,0.4077850227159021,0.6255401920295537,0.37445980797044626,264.3333333333333
Juniperus oxycedrus,0.8965980012424413,0.610938751960342,0.7246747189584068,0.8267072833699974,0.8333967677471704,0.1666032322528295,429.6666666666667
Celtis australis,0.8907719568233976,0.556742779220754,0.6621749375806074,0.9530330658066257,0.7343959133562775,0.2656040866437225,367.4
Acacia dealbata,0.8903259910835994,0.60555209193228,0.7078401244489567,0.7216740261427221,0.7793981678459296,0.22060183215407034,226.25
Quercus coccifera,0.881457431627775,0.5637912104058999,0.7125659573882367,0.7177327084169951,0.7617654455428631,0.23823455445713695,454.6666666666667
Pinus halepensis,0.8787347776055744,0.6166619285569394,0.7160250808945204,0.6314075562480741,0.805215881642512,0.1947841183574879,330.0
Pistacia terebinthus,0.8773737378722438,0.5734546131542886,0.6481409612460275,0.9086762588602862,0.794066461525252,0.20593353847474807,351.0
Rhaphiolepis bibas,0.8754906664363796,0.544840939453775,0.616418164035138,0.9645287026704595,0.7632978119408478,0.23670218805915227,538.6
Punica granatum,0.8745620309269839,0.5480360940120496,0.612449369053324,0.9585508131001653,0.7765140782959815,0.22348592170401854,532.6
Arbutus unedo,0.8725927079989472,0.591242167952523,0.6354233847163395,0.9281705136759613,0.7539820664598695,0.2460179335401304,349.6
Pinus pinea,0.8712254919168255,0.46699789866815805,0.6726977944045955,0.789256264519036,0.6945564572202708,0.3054435427797292,325.0
Pinus pinaster,0.8660134050620327,0.5312253255494511,0.5969207644986361,0.9539226914433547,0.7846940335399214,0.21530596646007857,497.0
Ostrya carpinifolia,0.8640056676757111,0.5040240550396773,0.6460689314574867,0.6443037465454112,0.6388376856118791,0.36116231438812085,144.25
Cupressus sempervirens,0.857657363227255,0.5087985994197146,0.5831819059703671,0.9696330305747637,0.7098144732228667,0.2901855267771333,516.6
Juniperus thurifera,0.8499677467551383,0.47518406391108925,0.540834701108232,0.9669247726446724,0.603923853923854,0.39607614607614605,269.5
Cercis siliquastrum,0.8454119288793978,0.4884380919535605,0.5718263670623803,0.9596211874989201,0.7111520669559723,0.2888479330440276,411.6
Olea europaea,0.8411113252516561,0.504071267527487,0.5697758779169874,0.9659956238760984,0.6833820419878779,0.3166179580121221,353.6
Quercus ilex,0.8339773620154517,0.5179672427885372,0.5606913978757749,0.8932521243386431,0.7393850575978956,0.26061494240210437,390.4
Acer opalus,0.8337711534754311,0.45174314624844386,0.5564641718123946,0.9205104883944889,0.6646930214183272,0.3353069785816728,300.8
Acer negundo,0.8297239927870033,0.4940536626183082,0.5112768426630901,0.9760739573117994,0.7669129284072758,0.23308707159272418,444.0
Prunus armeniaca,0.8151025411252872,0.4492622667735984,0.5035214597627746,0.9454914047507291,0.6843876982775032,0.3156123017224968,654.0
Pseudotsuga menziesii,0.8145450516094099,0.39255478259168103,0.5022009526492139,0.9642474529115554,0.5586209780749793,0.4413790219250206,599.2
Fraxinus angustifolia,0.8118588499584007,0.4337350554471648,0.5296394542579692,0.943868271294952,0.6707726458505939,0.32922735414940607,423.6
Aria edulis,0.8083852883066903,0.43613111724735426,0.48564948812537195,0.9685469804503338,0.7512653427702494,0.24873465722975055,462.2
Sorbus aucuparia,0.8080883393220795,0.47128148632193945,0.5075802629020059,0.9766746472877594,0.735882714074629,0.264117285925371,473.8
Ailanthus altissima,0.8055074016376358,0.45193383218675176,0.47220985398589976,0.9826959755446409,0.7107279080299139,0.2892720919700861,412.2
Larix decidua,0.8043551322579363,0.3882716217247174,0.5000607047615307,0.7890069184201615,0.6351699695128913,0.3648300304871087,402.0
Prunus serotina,0.8034838375709779,0.37151626326604165,0.5015863671667502,0.7226769576244156,0.6311970507313532,0.36880294926864676,289.0
Fraxinus ornus,0.80042628238735,0.46480587199789375,0.493527769331389,0.969507752065961,0.7612955464949961,0.23870445350500397,339.4
Taxodium distichum,0.7992748443089082,0.4050305782120164,0.47318459212881303,0.939671996297753,0.6445838561148718,0.3554161438851282,323.8
Prunus amygdalus,0.7969148025896237,0.30131890955336227,0.5178466784899578,0.40874086777418644,0.44792696050821473,0.5520730394917852,368.2
Paulownia tomentosa,0.7945691705760197,0.42659278239753035,0.45628550252919514,0.9525365757800899,0.6787403999876951,0.3212596000123049,430.8
Abies alba,0.7935769609521418,0.3627771444524788,0.4652886561433977,0.9813948028210531,0.5875376663908605,0.41246233360913953,496.4
Quercus rubra,0.7891479503507275,0.3959609665305911,0.46834686497463307,0.9626639339432457,0.6503215463273262,0.34967845367267386,550.4
Betula pubescens,0.787458391371948,0.4174361868996629,0.4620036554433094,0.9667873627505882,0.6622753221363512,0.3377246778636488,451.6
Picea abies,0.7842155082700797,0.35589317499929596,0.45454076735267285,0.862403208753804,0.5727502541031851,0.42724974589681486,460.6
Laurus nobilis,0.7831390538154052,0.4036395614272463,0.4483597407716351,0.9439055855680456,0.7082365050993673,0.2917634949006328,439.2
Ficus carica,0.7802920667750781,0.39980398210465806,0.44341280639345265,0.9781938918946622,0.7121035668346064,0.2878964331653936,453.8
Quercus pubescens,0.7675966410365171,0.3841517935711285,0.424015163489967,0.9654203753433886,0.7182167825036105,0.2817832174963895,385.0
Platanus hispanica,0.7665635384485118,0.3766046204171415,0.4191037421684795,0.9374772917650065,0.680392393510223,0.319607606489777,380.4
Prunus mahaleb,0.763777001027301,0.3915975146976075,0.4291765578428457,0.9634530838814864,0.7275227279757422,0.27247727202425776,448.8
Acer monspessulanum,0.7626374319758111,0.3498101708246949,0.4211014600006946,0.8930585516775441,0.6271920608218753,0.37280793917812477,360.4
Fagus sylvatica,0.756689144638122,0.34186874603037004,0.40084847148233715,0.9651378244001891,0.621886935753232,0.378113064246768,494.0
Cormus domestica,0.7546679261332272,0.35765622966846294,0.39808025947254866,0.9638500056986292,0.7066286217789324,0.2933713782210675,483.8
Cydonia oblonga,0.7478943411327454,0.30957566182618723,0.38651824531200046,0.9385197469729709,0.573198539294818,0.42680146070518193,568.0
Alnus incana,0.7469997488708409,0.3348877137555616,0.38644547480200087,0.7955211510523367,0.6123723319848716,0.3876276680151284,327.4
Castanea sativa,0.7443604842218298,0.3364234047709841,0.3978389609030308,0.8917345897693062,0.5897396309634473,0.41026036903655266,540.6
Ilex aquifolium,0.7362087628427411,0.3335499563349998,0.37160443509130314,0.9552463317997779,0.6043581985621838,0.39564180143781613,535.2
Populus alba,0.7353592970815221,0.31465320902160276,0.35813992342537704,0.963965595091187,0.5850755437690597,0.4149244562309403,449.2
Torminalis glaberrima,0.7340071920489298,0.296841461690797,0.3569712011233409,0.922858685095228,0.5552538668826095,0.4447461331173905,557.4
Ulmus laevis,0.732296023398996,0.2755800032368076,0.37410287046455004,0.9068937847616052,0.5317937924420517,0.46820620755794823,347.2
Picea pungens,0.7316858133176616,0.33238401185345623,0.3587218216416522,0.9873569552726217,0.5795585180275343,0.42044148197246567,593.8
Sequoiadendron giganteum,0.7276687961661226,0.23129503704273477,0.35353580352311387,0.9472013954469116,0.4401986154155342,0.5598013845844658,401.6
Prunus persica,0.7262250232750354,0.29465019974603485,0.3477446829431711,0.9485016336385836,0.5992218819905923,0.4007781180094077,639.0
Quercus robur,0.7232473079864195,0.2464804331579476,0.3788370068130852,0.8647647778850803,0.5593132677407124,0.4406867322592875,520.4
Cornus mas,0.722109650475468,0.30927214458146596,0.3489089923185573,0.9658613544586313,0.6260046249773955,0.3739953750226045,477.4
Ulmus glabra,0.715430688156549,0.2934605921596729,0.35610838562284347,0.9550471753057659,0.535147140556252,0.46485285944374793,510.4
Betula pendula,0.7142813772489764,0.26370913864826717,0.34172661284636335,0.9163837591323933,0.5268499986339179,0.47315000136608215,549.4
Cedrus atlantica,0.7117365016599562,0.30170416696225455,0.33427828445203556,0.9837844735846135,0.5989191695969602,0.4010808304030398,424.6
Carpinus betulus,0.702496337588149,0.19366141818994195,0.3426961047980369,0.7834842222311036,0.4480226105905075,0.5519773894094925,530.2
Quercus petraea,0.7014071337127908,0.24921397938537787,0.3063836954677095,0.9651630102319381,0.47153419112522277,0.5284658088747772,565.4
Mespilus germanica,0.7002376048797505,0.24433611689946327,0.34455351464994033,0.7412393196674529,0.4958109330814107,0.5041890669185893,503.4
Populus nigra,0.6997447481604003,0.2836250995972422,0.30681621902606787,0.982656153604666,0.6642172383526125,0.3357827616473875,441.2
Juniperus communis,0.6979800570457235,0.2787989965135246,0.30357121524461317,0.9601160819499377,0.6718655730351132,0.3281344269648868,458.8
Pyrus pyraster,0.6901005567183276,0.21747270001992222,0.2980677436467893,0.8442628994382197,0.5025644930808223,0.4974355069191777,520.8
Salix caprea,0.6845536046560152,0.22781671883243457,0.28986529273380024,0.9329277425111672,0.5451822789465215,0.4548177210534785,551.2
Ulmus minor,0.6840808050707465,0.23040031462114166,0.2993040057460177,0.8350842770295481,0.6656686859506721,0.3343313140493279,516.2
Acer platanoides,0.680010568631922,0.24071904775920644,0.27366094256137324,0.973288812524433,0.529939213338293,0.47006078666170703,481.8
Pinus nigra,0.6775440141176275,0.24086960508870944,0.2868501046242088,0.8898451277122967,0.654483969394569,0.34551603060543107,474.6
Prunus padus,0.6742758469174239,0.2345497595952936,0.2555804383390866,0.9136884181570204,0.5359450707055119,0.4640549292944881,449.2
Aesculus hippocastanum,0.6714480172651386,0.2297954432970636,0.25205550642024244,0.866599115573339,0.521244040315313,0.478755959684687,478.2
Juglans regia,0.6705414414997499,0.20830897936700715,0.2603739916449606,0.9591562551412249,0.5548351058323551,0.44516489416764493,519.4
Pinus sylvestris,0.6662880039234701,0.19849269175735193,0.280015547232577,0.746641238528731,0.5056948545310769,0.49430514546892307,495.4
Alnus glutinosa,0.6650452674058762,0.21044114429999589,0.2734160681578332,0.8189638699201071,0.5991382733889185,0.40086172661108155,470.8
Tilia platyphyllos,0.66111076301022,0.22410175409242633,0.255409533495372,0.9693825968015289,0.6159814852114047,0.38401851478859533,495.6
Salix alba,0.657198895183756,0.22184737490377615,0.24097365885513752,0.9653457480668445,0.5532724947667892,0.4467275052332108,463.4
Taxus baccata,0.656217233418823,0.21540951339623202,0.2452651066826935,0.9259573367037438,0.48971816187384204,0.510281838126158,463.8
Populus tremula,0.6484612379154251,0.17427954135183885,0.2446407694910433,0.8610387391090848,0.46717212308967626,0.5328278769103237,574.6
Tilia cordata,0.6400724346751148,0.1766352002705756,0.23157508006743277,0.7958735551292444,0.5404890387885803,0.45951096121141966,507.0
Crataegus laevigata,0.6383655703279769,0.12165458632542174,0.22411213162712906,0.8790532783938104,0.36634547948676277,0.6336545205132372,519.2
Prunus avium,0.6335637321647658,0.14771676388091892,0.21639484458483665,0.8528957941834271,0.4051715445859182,0.5948284554140818,565.4
Robinia pseudoacacia,0.6333689480498357,0.16429722386136403,0.22243875141833208,0.7552538904382626,0.6134832700614077,0.3865167299385924,516.6
Prunus domestica,0.6291473836103032,0.13440791657222156,0.1901924944647349,0.9077812337341786,0.6081105663619205,0.3918894336380795,534.0
Fraxinus excelsior,0.6267071187800421,0.10855904835188515,0.2139789653847597,0.7664153426642064,0.3974701921040733,0.6025298078959267,511.2
Malus domestica,0.6262034052833243,0.13263295623923485,0.21392373827481687,0.7636353902405288,0.5365093240533295,0.4634906759466705,510.6
Prunus cerasus,0.622992252569086,0.1225082474602345,0.19615449331055085,0.8434871399234559,0.4958689516286291,0.5041310483713708,468.0
Salix fragilis,0.6216959500058606,0.11488331025994288,0.20092979793137147,0.8551021254871699,0.5534895206065842,0.4465104793934157,451.0
Acer pseudoplatanus,0.6209039955556606,0.14323490135150546,0.20597104523996418,0.8217039564546944,0.42655473015361167,0.5734452698463883,451.2
Corylus avellana,0.619090702419556,0.09921345839328907,0.19972464736233492,0.6252729358687039,0.38643098215927835,0.6135690178407216,519.0
Acer campestre,0.6152200458172535,0.1391954065826171,0.19524275617526982,0.7758204160667737,0.47289827065616674,0.5271017293438333,509.6
Malus sylvestris,0.6077502287590171,0.13022081981519765,0.17054858917572374,0.8038597721261118,0.5993473920045715,0.40065260799542857,592.2
Crataegus monogyna,0.5918725711961749,0.0848001411511462,0.1624262253559723,0.5887963873223753,0.46004963420615325,0.5399503657938467,479.4
Pyrus communis,0.5826290524927022,0.08160259413095867,0.16068270910065566,0.661855394021113,0.5067113435819586,0.4932886564180414,543.4
