species,n_presence,n_train_presence,n_background,auc,boyce,threshold,sensitivity,specificity,tss,omission_rate,tss_max,fold
Prunus armeniaca,486,2784,10446,0.8508472733375407,0.7725648589574369,0.48021891713142395,0.5246913580246914,0.8912502393260578,0.4159415973507492,0.47530864197530864,0.5764366063683186,1
Prunus persica,721,2474,10301,0.7542942183683068,0.9391147350029121,0.47223037481307983,0.5589459084604715,0.7757499271915348,0.3346958356520062,0.44105409153952846,0.40053919330509496,1
Pseudotsuga menziesii,685,2311,10367,0.7783724183769527,0.9983110075713454,0.42960384488105774,0.6744525547445256,0.7338670782289959,0.4083196329735215,0.3255474452554744,0.41474639841890215,1
Picea pungens,689,2280,10411,0.763807929510751,0.9947699475829936,0.5128694772720337,0.6865021770682148,0.7118432427240419,0.3983454197922567,0.3134978229317852,0.3993363333049405,1
Malus sylvestris,558,2403,10307,0.6631499002139688,0.9805940594059406,0.48798325657844543,0.7580645161290323,0.46502377025322594,0.22308828638225808,0.24193548387096775,0.2418968839425341,1
Populus tremula,517,2356,10317,0.6128523671939929,0.9213829976247501,0.4690641462802887,0.5551257253384912,0.6243093922651933,0.17943511760368458,0.44487427466150875,0.18119705903141214,1
Cydonia oblonga,398,2442,10338,0.7326631221497311,0.7942224810716366,0.6154465675354004,0.24120603015075376,0.8845037724898432,0.12570980264059695,0.7587939698492463,0.38765796480953807,1
Prunus avium,511,2316,10361,0.647555534821137,0.8920209668025626,0.4917961359024048,0.3659491193737769,0.7811022102113696,0.14705132958514655,0.6340508806262231,0.23887258991502647,1
Quercus petraea,676,2151,10307,0.7071844090561765,0.981674378788026,0.4944765567779541,0.5310650887573964,0.7289220917822838,0.2599871805396803,0.46893491124260356,0.32445477107245435,1
Torminalis glaberrima,198,2589,10400,0.685942599067599,0.718309366985782,0.5430022478103638,0.29292929292929293,0.8557692307692307,0.14869852369852365,0.7070707070707071,0.2867181429681429,1
Salix caprea,566,2190,10271,0.6575915481958363,0.9832818383321782,0.4744608402252197,0.7120141342756183,0.5341252068931944,0.24613934116881264,0.2879858657243817,0.25273136860342665,1
Quercus rubra,349,2403,10369,0.7774184179700291,0.9762462907621205,0.5213788747787476,0.3553008595988539,0.9152280837110618,0.2705289433099156,0.6446991404011462,0.4334371159791101,1
Betula pendula,446,2301,10349,0.6473463998817935,0.9144289878576566,0.4927959442138672,0.4618834080717489,0.7332109382549039,0.1950943463266528,0.5381165919282511,0.23454379379390222,1
Pyrus communis,415,2302,10306,0.6617104552500708,0.9596971461852067,0.551788330078125,0.43373493975903615,0.7502425771395304,0.18397751689856645,0.5662650602409638,0.24089043930427706,1
Rhaphiolepis bibas,246,2447,10496,0.9055431879585564,0.8609926062721605,0.4524639844894409,0.6422764227642277,0.9191120426829268,0.5613884654471546,0.3577235772357723,0.7065548780487805,1
Castanea sativa,434,2269,10405,0.730331150612188,0.748297893419176,0.4364272356033325,0.315668202764977,0.9010091302258529,0.2166773329908298,0.684331797235023,0.330681367740164,1
Ilex aquifolium,493,2183,10368,0.6990057956452057,0.9758472676185752,0.43923428654670715,0.3975659229208925,0.8294753086419753,0.22704123156286782,0.6024340770791075,0.28419105908646985,1
Punica granatum,290,2373,10477,0.8943985676341938,0.9491174988901596,0.5120842456817627,0.5827586206896552,0.9179154338073876,0.5006740544970429,0.4172413793103448,0.6500666484549078,1
Prunus domestica,431,2239,10296,0.6772336969552747,0.9213511939429238,0.5158239006996155,0.5986078886310905,0.618978243978244,0.21758613260933446,0.4013921113689095,0.2424839597113379,1
Carpinus betulus,586,2065,10343,0.7279329245777676,0.4095702084181851,0.5058249235153198,0.20819112627986347,0.9023494150633279,0.11054054134319147,0.7918088737201365,0.38246935570676643,1
Cupressus sempervirens,208,2375,10469,0.864460642042073,0.972885768454237,0.6051353216171265,0.5721153846153846,0.9047664533384278,0.4768818379538122,0.4278846153846154,0.5979632174111112,1
Quercus robur,353,2249,10409,0.7617043651209443,0.8956202679091438,0.46682530641555786,0.3031161473087819,0.8949947161110577,0.19811086341983963,0.6968838526912181,0.41653265301845727,1
Pyrus pyraster,380,2224,10311,0.6890253893389278,0.9824548120449694,0.4972263276576996,0.6710526315789473,0.5770536320434487,0.24810626362239607,0.32894736842105265,0.2736038160574552,1
Ulmus minor,186,2395,10436,0.7726773946265408,0.8415856865698548,0.5192465782165527,0.3279569892473118,0.9146224607129169,0.24257944996022873,0.6720430107526882,0.4386511537811629,1
Juglans regia,492,2105,10273,0.7127411503356735,0.9832032615026208,0.5201341509819031,0.5447154471544715,0.7292903728219605,0.2740058199764319,0.4552845528455285,0.29506762141504406,1
Crataegus laevigata,667,1929,10234,0.6771057992598385,0.9123238206173558,0.492991179227829,0.42278860569715143,0.7376392417432089,0.16042784744036043,0.5772113943028485,0.30690156192179463,1
Corylus avellana,480,2115,10368,0.6605201501414609,0.8837507280139779,0.511347234249115,0.2791666666666667,0.8351658950617284,0.11433256172839501,0.7208333333333333,0.24459876543209869,1
Robinia pseudoacacia,372,2211,10363,0.7211289336857036,0.9759464181712288,0.45734643936157227,0.6881720430107527,0.6290649425841938,0.3172369855949464,0.31182795698924726,0.35445972488972866,1
Malus domestica,417,2136,10252,0.6762980563656761,0.9604163087294907,0.4947666823863983,0.4892086330935252,0.7260046820132657,0.21521331510679098,0.5107913669064748,0.26814771358878564,1
Fraxinus excelsior,563,1993,10372,0.6710144609856157,0.8741903280450357,0.47771432995796204,0.41740674955595025,0.7710181257231007,0.18842487527905094,0.5825932504440497,0.26351055136146706,1
Ulmus glabra,578,1974,10272,0.7539798114132954,0.9858590564938847,0.4863574206829071,0.7716262975778547,0.6002725856697819,0.37189888324763665,0.22837370242214527,0.40294205230195435,1
Acer campestre,381,2167,10378,0.6598687714623453,0.4135585323238206,0.45695918798446655,0.5013123359580053,0.7122759683946811,0.21358830435268628,0.4986876640419947,0.2984424957094277,1
Pinus pinaster,116,2369,10507,0.9264964572058694,0.9393846737261601,0.530957818031311,0.6637931034482759,0.9384220043780337,0.6022151078263096,0.3362068965517241,0.7290000426644963,1
Tilia cordata,380,2155,10340,0.6580807798025043,0.940742056605992,0.4710877239704132,0.6052631578947368,0.6085106382978723,0.21377379619260917,0.39473684210526316,0.2633258678611422,1
Mespilus germanica,268,2249,10396,0.6559626836957957,0.15710320665093372,0.4941573739051819,0.007462686567164179,0.9963447479799923,0.003807434547156374,0.9925373134328358,0.30915880390276396,1
Abies alba,661,1821,10325,0.7708284827816098,0.9915666860803728,0.4249957203865051,0.913767019667171,0.4317675544794189,0.34553457414658983,0.086232980332829,0.387456674713271,1
Tilia platyphyllos,516,1962,10306,0.7223102896333438,0.9875014560279557,0.5288150310516357,0.8042635658914729,0.5296914418785174,0.3339550077699902,0.19573643410852715,0.33841842713734904,1
Pinus sylvestris,401,2076,10382,0.6366044049959863,0.9639603960396039,0.5156487822532654,0.6583541147132169,0.5384319013677519,0.1967860160809689,0.3416458852867831,0.20549714136927,1
Fagus sylvatica,430,2040,10406,0.7245426386387103,0.9901688992428654,0.4291825294494629,0.7372093023255814,0.602729194695368,0.33993849702094936,0.26279069767441865,0.3466653853546031,1
Cormus domestica,108,2311,10479,0.7647543764778234,0.921583701726182,0.5784156322479248,0.5,0.8439736616089322,0.34397366160893217,0.5,0.397368811697469,1
Acer platanoides,675,1734,10245,0.6866244419138514,0.9923820617355853,0.4948868453502655,0.7525925925925926,0.5228892142508541,0.2754818068434468,0.2474074074074074,0.2852383276394989,1
Crataegus monogyna,383,2014,10421,0.6639333911766334,0.6050087361677344,0.525068998336792,0.19321148825065274,0.8839842625467805,0.07719575079743324,0.8067885117493473,0.26669360898346706,1
Aesculus hippocastanum,538,1853,10237,0.7285231282544222,0.9952591729761211,0.4792308509349823,0.5130111524163569,0.7992575949985348,0.31226874741489175,0.48698884758364314,0.33190140873201046,1
Cornus mas,274,2113,10401,0.6949138804031336,0.9705561169409729,0.5182621479034424,0.4306569343065693,0.7664647630035574,0.19712169731012663,0.5693430656934306,0.3205313638427524,1
Pinus nigra,325,2048,10432,0.7282609721566777,0.9108095515433896,0.5217524170875549,0.8092307692307692,0.5956671779141104,0.4048979471448795,0.1907692307692308,0.41529789995280797,1
Sorbus aucuparia,631,1738,10280,0.8021456276554416,0.9726120344014284,0.4953063726425171,0.8652931854199684,0.584727626459144,0.45002081187911225,0.13470681458003164,0.48725773431092645,1
Alnus glutinosa,357,1997,10362,0.6723473021712063,0.8447874199184624,0.5045022368431091,0.3697478991596639,0.7798687512063308,0.1496166503659948,0.6302521008403361,0.30259237452942966,1
Prunus cerasus,483,1857,10262,0.6767557488622117,0.9876412347117065,0.4759729504585266,0.6045548654244306,0.6193724420190996,0.22392730744353018,0.3954451345755694,0.27953700016099914,1
Salix alba,364,1953,10317,0.6950830380243,0.9463133372160746,0.5393769145011902,0.5439560439560439,0.72530774449937,0.2692637884554139,0.4560439560439561,0.30245876058612314,1
Ficus carica,239,2030,10436,0.8394128948554328,0.9695601909190524,0.5032387971878052,0.694560669456067,0.7981985435032579,0.4927592129593248,0.305439330543933,0.5331917517572741,1
Taxus baccata,539,1780,10269,0.7283607145883345,0.9976354105998835,0.5051243305206299,0.47680890538033394,0.8349401110137307,0.3117490163940646,0.5231910946196661,0.33702620293330193,1
Aria edulis,584,1727,10322,0.7424563473947122,0.9901613741874375,0.5082323551177979,0.9366438356164384,0.3764774268552606,0.313121262471699,0.06335616438356162,0.3472268303105749,1
Picea abies,743,1560,10236,0.7740564271352212,0.9911822947000583,0.4691826105117798,0.8815612382234186,0.5039077764751856,0.3854690146986042,0.11843876177658141,0.42140609476384244,1
Juniperus communis,309,1985,10393,0.6934851905860211,0.9392088860315111,0.5014799237251282,0.7669902912621359,0.4930241508707784,0.26001444213291425,0.23300970873786409,0.3034298975816745,1
Populus alba,222,2024,10404,0.738996349290467,0.9492106849506902,0.5227928161621094,0.47297297297297297,0.8230488273740869,0.2960218003470598,0.527027027027027,0.35849257562060327,1
Salix fragilis,389,1866,10246,0.6612204800468877,0.9657891671520094,0.5333487391471863,0.5886889460154242,0.6391762639078665,0.22786520992329073,0.4113110539845758,0.2615825499900394,1
Betula pubescens,372,1886,10309,0.7541480353840522,0.9337449039021549,0.5228696465492249,0.6559139784946236,0.7329517896983219,0.3888657681929455,0.34408602150537637,0.39048691142617836,1
Acer pseudoplatanus,563,1693,10314,0.5961039177981884,0.7170646476412347,0.44535014033317566,0.3765541740674956,0.7165018421562924,0.0930560162237879,0.6234458259325044,0.17875993967054393,1
Laurus nobilis,130,2066,10481,0.8288947766287714,0.8508734891529738,0.4385674297809601,0.47692307692307695,0.9034443278313138,0.3803674047543908,0.523076923076923,0.5146624294510946,1
Prunus padus,574,1672,10275,0.6560027806743135,0.9791729761211415,0.4572788178920746,0.7247386759581882,0.49965936739659367,0.22439804335478186,0.2752613240418118,0.2360222793051705,1
Prunus mahaleb,339,1905,10365,0.7737034807690392,0.979336051252184,0.449209064245224,0.7551622418879056,0.6391702846116739,0.3943325264995794,0.2448377581120944,0.41148094548962855,1
Acer negundo,372,1848,10346,0.8741669940489182,0.9847029257552693,0.4684293270111084,0.8360215053763441,0.7539145563502803,0.5899360617266245,0.16397849462365588,0.6015815161020102,1
Populus nigra,389,1817,10328,0.7035780387854217,0.9708065544786487,0.5455373525619507,0.6529562982005142,0.6298412083656081,0.28279750656612235,0.34704370179948585,0.293637581914739,1
Paulownia tomentosa,408,1746,10421,0.8215906888616689,0.9898514555995831,0.5081132650375366,0.5735294117647058,0.8343729008732367,0.40790231263794263,0.42647058823529416,0.4663899817675847,1
Cedrus atlantica,382,1741,10341,0.7429686942283829,0.9852300524170065,0.4863106608390808,0.7041884816753927,0.6485833091577217,0.3527717908331143,0.2958115183246073,0.37043897341492793,1
Fraxinus angustifolia,130,1988,10454,0.8376374151962444,0.8727282257702285,0.6255608201026917,0.38461538461538464,0.8903768892290033,0.27499227384438796,0.6153846153846154,0.5878073906197112,1
Ailanthus altissima,253,1808,10412,0.8340289176823944,0.9804542807221899,0.4813443124294281,0.6363636363636364,0.8367268536304264,0.47309048999406267,0.36363636363636365,0.5077043211010707,1
Quercus ilex,129,1823,10506,0.9208307692761759,0.9400955745458445,0.478831022977829,0.813953488372093,0.9155720540643442,0.7295255424364373,0.18604651162790697,0.7366311166598045,1
Cercis siliquastrum,175,1883,10453,0.8432294214921212,0.9313919627256844,0.5954390168190002,0.46285714285714286,0.8996460346312064,0.36250317748834915,0.5371428571428571,0.5536493966188791,1
Larix decidua,386,1624,10337,0.790645029350274,0.9750465202327895,0.5346673130989075,0.8290155440414507,0.5807294185934023,0.40974496263485305,0.17098445595854928,0.4513521276003852,1
Sequoiadendron giganteum,350,1658,10438,0.7716661648372705,0.9890506697728596,0.517594575881958,0.5228571428571429,0.8141406399693428,0.3369977828264856,0.4771428571428571,0.3994563819012947,1
Quercus pubescens,111,1814,10485,0.7469753014817393,0.9754338963308096,0.556052029132843,0.44144144144144143,0.833381020505484,0.2748224619469255,0.5585585585585586,0.37878565260539504,1
Platanus hispanica,219,1683,10394,0.8237624797586947,0.9737419153853616,0.5191764831542969,0.5981735159817352,0.8324033096016933,0.4305768255834286,0.4018264840182648,0.4693992758379219,1
Melia azedarach,64,1804,10513,0.9240137211072006,0.86875717119559,0.6796625256538391,0.609375,0.9469228574146296,0.5562978574146296,0.390625,0.7485598187957767,1
Prunus amygdalus,183,1658,10416,0.7438377695516776,0.8451899417020222,0.7134916186332703,0.20218579234972678,0.931931643625192,0.13411743597491865,0.7978142076502732,0.4036853768477248,1
Celtis australis,189,1648,10429,0.875718450941387,0.8887478159580664,0.6837555170059204,0.48148148148148145,0.9184965001438297,0.39997798162531106,0.5185185185185186,0.6315199629036047,1
Arbutus unedo,289,1459,10491,0.9644349960206458,0.7650028233164563,0.5214148759841919,0.9584775086505191,0.9217424459060147,0.8802199545565337,0.04152249134948094,0.8896371547996816,1
Olea europaea,192,1576,10491,0.9441133074381216,0.9663336235731816,0.5696102380752563,0.890625,0.9027738061195311,0.793398806119531,0.109375,0.7938754051091412,1
Acer monspessulanum,303,1499,10354,0.7110438975131819,0.9320675596971462,0.5480753183364868,0.29042904290429045,0.8741549159745026,0.16458395887879296,0.7095709570957096,0.3314511188418436,1
Ulmus laevis,343,1393,10345,0.7922930050291193,0.9743972044263249,0.545167863368988,0.6209912536443148,0.7674238762687289,0.3884151299130436,0.37900874635568516,0.4808102955329753,1
Fraxinus ornus,563,1134,10358,0.8979815671774625,0.9765055329062318,0.47684404253959656,0.9040852575488455,0.7159683336551458,0.6200535912039913,0.0959147424511545,0.6710535476478482,1
Alnus incana,561,1076,10198,0.7998300320324246,0.9853813942007205,0.4624934494495392,0.9126559714795008,0.4750931555206903,0.38774912700019115,0.08734402852049916,0.46686149008980476,1
Taxodium distichum,191,1428,10480,0.8508882538667519,0.9706231799650553,0.486880362033844,0.450261780104712,0.9437977099236641,0.39405949002837604,0.549738219895288,0.5382768474481435,1
Acer opalus,576,928,10298,0.8318606397412658,0.9896388447392349,0.49391064047813416,0.921875,0.5343756069139639,0.4562506069139638,0.078125,0.527604807298073,1
Prunus serotina,65,1380,10495,0.7407307509070253,-0.08968607885480528,0.5500949621200562,0.046153846153846156,0.963696998570748,0.009850844724594188,0.9538461538461538,0.3840436838054751,1
Pistacia terebinthus,108,1298,10459,0.818520643217077,0.7591890459595618,0.4479614794254303,0.4444444444444444,0.8911941868247443,0.3356386312691888,0.5555555555555556,0.5364695654637331,1
Quercus coccifera,11,1354,10529,0.8194424058228787,0.2856249147916392,0.5297850966453552,0.36363636363636365,0.943869313325102,0.3075056769614657,0.6363636363636364,0.7257703830977646,1
Pinus pinea,45,1255,10512,0.8665186876374091,0.553280875305863,0.52181077003479,0.5555555555555556,0.9370243531202436,0.49257990867579915,0.4444444444444444,0.6824581430745814,1
Juniperus oxycedrus,79,1216,10505,0.942546948710379,0.8887656983848803,0.7992222309112549,0.6708860759493671,0.934316991908615,0.6052030678579821,0.3291139240506329,0.8405569379258822,1
Pinus halepensis,5,987,10528,0.8424012158054711,0.19899857176187744,0.6737574934959412,0.6,0.9403495440729484,0.5403495440729484,0.4,0.7332256838905775,1
Pinus uncinata,309,666,10321,0.8629670427183839,0.9558091655213216,0.22302986681461334,0.970873786407767,0.6246487743435714,0.5955225607513384,0.029126213592232997,0.6632670562955033,1
Acacia dealbata,93,815,10508,0.958054487927273,0.9289828833144239,0.42835527658462524,0.8924731182795699,0.9272934906737723,0.8197666089533422,0.10752688172043012,0.8539259386601504,1
Quercus suber,196,635,10506,0.9626134434356267,0.869555950844785,0.5401234030723572,0.9540816326530612,0.9411764705882353,0.8952581032412965,0.04591836734693877,0.911573367210962,1
Pinus cembra,376,421,10320,0.9139457570509649,0.6632168109571771,0.5012673735618591,0.8962765957446809,0.7935077519379845,0.6897843476826653,0.10372340425531912,0.7249134092033647,1
Ostrya carpinifolia,217,360,10498,0.9251562509602443,0.8418775046548925,0.35232579708099365,0.8248847926267281,0.9036959420842066,0.7285807347109348,0.1751152073732719,0.7450262635059739,1
Juniperus thurifera,143,398,10468,0.8279231276938576,0.9497989219577894,0.5724939107894897,0.4755244755244755,0.9201375620940008,0.3956620376184763,0.5244755244755245,0.469936349473988,1
Prunus armeniaca,865,2405,8921,0.8138939554846556,0.9912783163888736,0.5088403224945068,0.923699421965318,0.5145163098307365,0.43821573179605444,0.07630057803468204,0.4713805769720469,2
Prunus persica,838,2357,8912,0.7216983456378571,0.9910425160163076,0.4754807949066162,0.8735083532219571,0.44176391382405744,0.3152722670460144,0.12649164677804292,0.33907916386369186,2
Pseudotsuga menziesii,233,2763,9021,0.8246390277716326,0.965381479324403,0.5741803646087646,0.38626609442060084,0.9480101984258952,0.33427629284649596,0.6137339055793991,0.5068611960742054,2
Picea pungens,332,2637,9008,0.7673858176935093,0.9983808969132207,0.4929659366607666,0.6174698795180723,0.7630994671403197,0.38056934665839215,0.3825301204819277,0.40771121787326925,2
Malus sylvestris,365,2596,8973,0.6170963422993486,0.9676179382644147,0.5130235552787781,0.5589041095890411,0.5999108436420372,0.1588149532310783,0.44109589041095887,0.18337203390994894,2
Populus tremula,320,2553,8969,0.6645576081502954,0.8786255096097845,0.5290722846984863,0.43125,0.7612888839335489,0.1925388839335489,0.56875,0.2526093349314305,2
Cydonia oblonga,990,1850,8825,0.7787643574555756,0.9748937062707346,0.5144140124320984,0.9424242424242424,0.43025495750708215,0.3726791999313246,0.05757575757575761,0.4111465934128823,2
Prunus avium,301,2526,8974,0.675179755173121,0.7365404775771695,0.48551613092422485,0.5681063122923588,0.6762870514820593,0.244393363774418,0.43189368770764125,0.2936752686054286,2
Quercus petraea,331,2496,8994,0.6882345867369115,0.9535585323238206,0.551758348941803,0.30513595166163143,0.8919279519679787,0.19706390362961024,0.6948640483383686,0.2614727374476573,2
Torminalis glaberrima,500,2287,8951,0.8433538152161769,0.9966540380183143,0.5498939156532288,0.806,0.7108702938219194,0.5168702938219194,0.19399999999999995,0.5290631214389454,2
Salix caprea,348,2408,8953,0.6915084008314172,0.8591030867792662,0.5292512774467468,0.28160919540229884,0.8560259131017536,0.13763510850405236,0.7183908045977012,0.30952830297684847,2
Quercus rubra,547,2205,8902,0.8266296586392475,0.9496563774024461,0.4898325204849243,0.7458866544789763,0.7824084475398787,0.5282951020188551,0.2541133455210237,0.5590132981640015,2
Betula pendula,314,2433,8963,0.697034020257378,0.7327897495631917,0.5147667527198792,0.31210191082802546,0.8255048532857302,0.13760676411375572,0.6878980891719746,0.34897465944566164,2
Pyrus communis,312,2405,8974,0.6031926991365368,0.884567992586227,0.4766159653663635,0.6346153846153846,0.5006685981724983,0.1352839827878829,0.3653846153846154,0.18466667238118095,2
Rhaphiolepis bibas,824,1869,8920,0.8332226996168749,0.9915608128345972,0.4755640923976898,0.9429611650485437,0.524103139013453,0.4670643040619966,0.05703883495145634,0.509122077582829,2
Castanea sativa,312,2391,8971,0.7508444231983971,0.9533139196272569,0.5287946462631226,0.49038461538461536,0.7782855868910935,0.2686702022757088,0.5096153846153846,0.42351637327113867,2
Ilex aquifolium,342,2334,8948,0.6957031791219966,0.9388235294117647,0.5054593682289124,0.5467836257309941,0.7169199821189093,0.2637036078499033,0.45321637426900585,0.33262815435250326,2
Punica granatum,921,1742,8876,0.8381897236334704,0.9892923392363997,0.49943095445632935,0.9337676438653637,0.5386435331230284,0.4724111769883921,0.0662323561346363,0.519562812331953,2
Prunus domestica,399,2271,8947,0.6484558327751871,0.9628585577337692,0.4955921471118927,0.6541353383458647,0.5341455236392086,0.18828086198507332,0.3458646616541353,0.21065993473680844,2
Carpinus betulus,194,2457,9006,0.8047326982469877,0.9091904484566103,0.5263795256614685,0.6701030927835051,0.772262935820564,0.44236602860406915,0.3298969072164949,0.5137479938918155,2
Cupressus sempervirens,1128,1455,8721,0.8649756924876043,0.9911357018054746,0.5466181635856628,0.925531914893617,0.6057791537667698,0.5313110686603868,0.07446808510638303,0.6142378875153396,2
Quercus robur,346,2256,8958,0.7902888495703133,0.8826874859894327,0.5327739715576172,0.6705202312138728,0.7496092877874525,0.4201295190013252,0.32947976878612717,0.5067689035666767,2
Pyrus pyraster,224,2380,8987,0.6952473016579503,0.9503203261502621,0.5399886965751648,0.5491071428571429,0.6926671859352398,0.2417743287923826,0.4508928571428571,0.33450847652959037,2
Ulmus minor,518,2063,8869,0.7551812721504908,0.8324742718502974,0.4994540214538574,0.9324324324324325,0.38425978126057053,0.31669221369300304,0.06756756756756754,0.403162549176756,2
Juglans regia,371,2226,8950,0.7331046996642021,0.9607920792079208,0.5046729445457458,0.48517520215633425,0.7829050279329609,0.26808023008929505,0.5148247978436657,0.35260431568010364,2
Crataegus laevigata,236,2360,8996,0.7152060520306577,0.942422830518346,0.5597080588340759,0.3389830508474576,0.8772787905735883,0.21626184142104599,0.6610169491525424,0.3422123580348328,2
Corylus avellana,279,2316,8981,0.646892344212134,0.7570843246517966,0.5231475830078125,0.3727598566308244,0.7491370671417437,0.121896923772568,0.6272401433691757,0.25298649199285306,2
Robinia pseudoacacia,401,2182,8898,0.6772845084411919,0.919239718232547,0.4949623942375183,0.8254364089775561,0.4398741290177568,0.2653105379953129,0.1745635910224439,0.28475535145054875,2
Malus domestica,245,2308,8967,0.5410222971758124,0.060151426907396624,0.4834693968296051,0.22857142857142856,0.7378164380506301,-0.03361213337794133,0.7714285714285715,0.15061893609902977,2
Fraxinus excelsior,274,2282,8983,0.6536604827772816,0.7383248058412372,0.540915310382843,0.2518248175182482,0.8423689190693532,0.09419373658760133,0.7481751824817517,0.26457436634161363,2
Ulmus glabra,508,2044,8866,0.8048234785280759,0.9962958648806057,0.4645625054836273,0.7125984251968503,0.7725016918565306,0.48510011705338085,0.28740157480314965,0.49803460446081727,2
Acer campestre,306,2242,8955,0.6984851636541458,0.9794641817122889,0.5492847561836243,0.4869281045751634,0.7675041876046901,0.2544322921798534,0.5130718954248366,0.3039774033566526,2
Pinus pinaster,480,2005,8961,0.8501322862031767,0.96172864713601,0.46736618876457214,0.9291666666666667,0.5042963954915746,0.4334630621582414,0.0708333333333333,0.5801626492578953,2
Tilia cordata,444,2091,8926,0.7172159275565057,0.9856872035196235,0.4818560481071472,0.5630630630630631,0.7116289491373515,0.2746920122004146,0.4369369369369369,0.31929447933257027,2
Mespilus germanica,644,1873,8900,0.7308762823644358,0.7269306930693069,0.5534929037094116,0.5279503105590062,0.7201123595505617,0.24806267010956784,0.4720496894409938,0.41180333589224655,2
Abies alba,294,2188,9001,0.8387930441591146,0.9794991263832266,0.5299375057220459,0.6326530612244898,0.8264637262526386,0.4591167874771285,0.36734693877551017,0.5672434733253372,2
Tilia platyphyllos,292,2186,8944,0.682615727693778,0.98120262435659,0.512321412563324,0.589041095890411,0.6584302325581395,0.24747132844855058,0.410958904109589,0.3145538755605656,2
Pinus sylvestris,197,2280,9009,0.7805933491212679,0.9864065230052417,0.5517102479934692,0.6700507614213198,0.7592407592407593,0.4292915206620791,0.3299492385786802,0.4619430203186548,2
Fagus sylvatica,309,2161,8980,0.7846101729121169,0.9718393840859781,0.5420046448707581,0.45307443365695793,0.8404231625835189,0.2934975962404769,0.5469255663430421,0.45551675423991467,2
Cormus domestica,334,2085,8949,0.767897995494094,0.9832930005714846,0.5234811305999756,0.8502994011976048,0.5829701642641636,0.4332695654617684,0.14970059880239517,0.4539690314309363,2
Acer platanoides,218,2191,8973,0.7235881957800006,0.9773033040544556,0.49139028787612915,0.5275229357798165,0.7725398417474646,0.30006277752728105,0.47247706422018354,0.34980220989165256,2
Crataegus monogyna,329,2068,8953,0.610099279010924,0.7935980569763977,0.5201413035392761,0.5288753799392097,0.5776834580587512,0.10655883799796095,0.47112462006079026,0.1574914862722825,2
Aesculus hippocastanum,312,2079,8951,0.6781748350707126,0.9899937687690744,0.5039252042770386,0.6442307692307693,0.5882024354820691,0.23243320471283835,0.3557692307692307,0.25111576131015295,2
Cornus mas,312,2075,8972,0.8296955914125999,0.9702737332556786,0.5070559978485107,0.7916666666666666,0.6962773071778867,0.48794397384455346,0.20833333333333337,0.5003543788653018,2
Pinus nigra,284,2089,8996,0.7806178724190407,0.9907716679473224,0.5113921761512756,0.6584507042253521,0.7680080035571365,0.4264587077824886,0.3415492957746479,0.43264455563975224,2
Sorbus aucuparia,193,2176,8991,0.8538953461233254,0.9369203831119668,0.42953988909721375,0.9119170984455959,0.7134912690468246,0.6254083674924205,0.08808290155440412,0.6415626910733416,2
Alnus glutinosa,400,1954,8909,0.6727657425075766,0.6060687245195108,0.516792356967926,0.47,0.7308339881019195,0.20083398810191944,0.53,0.30629082949826025,2
Prunus cerasus,338,2002,8935,0.6261735810571418,0.8317811985068183,0.5189453363418579,0.35798816568047337,0.7564633463905988,0.11445151207107207,0.6420118343195267,0.19705036042688318,2
Salix alba,347,1970,8925,0.7015810589365429,0.9950728013977869,0.5038674473762512,0.6743515850144092,0.6462745098039215,0.3206260948183308,0.32564841498559083,0.32486571573874506,2
Ficus carica,550,1719,8857,0.7688117257023207,0.9724955518257652,0.47968819737434387,0.9254545454545454,0.40566783335215084,0.33112237880669637,0.07454545454545458,0.40398349533496875,2
Taxus baccata,254,2065,8979,0.6254164353745791,0.7471192403038093,0.49468785524368286,0.4763779527559055,0.6517429557857223,0.12812090854162772,0.5236220472440944,0.22217194451094546,2
Aria edulis,225,2086,9008,0.8234630945332544,0.9702224091252698,0.5614621043205261,0.76,0.7351243339253997,0.4951243339253997,0.24,0.5041123939214525,2
Picea abies,135,2168,9014,0.7683693678146751,0.37972737253327143,0.5076617002487183,0.2962962962962963,0.8848457954293322,0.18114209172562834,0.7037037037037037,0.4681318771622743,2
Juniperus communis,345,1949,8966,0.7255907179134056,0.9793244030285382,0.4857121407985687,0.6869565217391305,0.6290430515279947,0.315999573267125,0.31304347826086953,0.3224073553230077,2
Populus alba,309,1937,8949,0.8032265542135387,0.9442283051834596,0.5073806047439575,0.8867313915857605,0.5564867582970164,0.44321814988277697,0.11326860841423947,0.49154919950919285,2
Salix fragilis,227,2028,8940,0.6051119060993998,0.8485547382481613,0.470720112323761,0.29515418502202645,0.8119686800894854,0.10712286511151192,0.7048458149779735,0.1594895978081975,2
Betula pubescens,311,1947,8936,0.7701421613359164,0.9645048471352693,0.5045161247253418,0.5691318327974276,0.7667860340196956,0.3359178668171232,0.43086816720257237,0.4547604688718922,2
Acer pseudoplatanus,208,2048,8995,0.6359259417625176,0.8355935806487982,0.48947426676750183,0.46153846153846156,0.6914952751528627,0.15303373669132414,0.5384615384615384,0.22966658827553776,2
Laurus nobilis,555,1641,8878,0.774374656251205,0.9824052557257807,0.5385862588882446,0.8540540540540541,0.5064203649470601,0.3604744190011142,0.1459459459459459,0.4102957203655559,2
Prunus padus,242,2004,8999,0.7320969547580585,0.7620312290824005,0.4409458339214325,0.5454545454545454,0.7665296144016002,0.31198415985614547,0.4545454545454546,0.3433848021681013,2
Prunus mahaleb,337,1907,8956,0.7949172545501052,0.9196272568433314,0.5592767596244812,0.658753709198813,0.7425189816882537,0.40127269088706674,0.34124629080118696,0.526611803435987,2
Acer negundo,412,1808,8907,0.8195888256318528,0.9738846825859057,0.49629563093185425,0.8422330097087378,0.6347816324239363,0.4770146421326742,0.15776699029126218,0.4997686449296452,2
Populus nigra,379,1827,8912,0.7305407490656219,0.9958182390685952,0.4797329306602478,0.8258575197889182,0.5047127468581688,0.3305702666470869,0.1741424802110818,0.34688753831068253,2
Paulownia tomentosa,536,1618,8972,0.7370399035806257,0.968779757662109,0.5426536798477173,0.7220149253731343,0.5840392331698618,0.3060541585429961,0.2779850746268657,0.3216324751631943,2
Cedrus atlantica,554,1569,8894,0.7456799659690263,0.9941000033336671,0.5180584788322449,0.8574007220216606,0.507195862379132,0.36459658440079257,0.14259927797833938,0.4012529438172329,2
Fraxinus angustifolia,579,1539,8854,0.8279284403719833,0.9555037856726849,0.5265336632728577,0.8791018998272885,0.6689631804833973,0.5480650803106859,0.12089810017271152,0.5621164755603567,2
Ailanthus altissima,309,1752,8950,0.7894295890510025,0.966919044845661,0.5080128908157349,0.8737864077669902,0.5696089385474861,0.4433953463144764,0.12621359223300976,0.46049429589051,2
Quercus ilex,335,1617,8958,0.853773330267617,0.8552966083222295,0.5589024424552917,0.9313432835820895,0.6187765126144229,0.5501197961965123,0.06865671641791049,0.5870046952111512,2
Cercis siliquastrum,580,1478,8854,0.8699445214709113,0.9375701192068892,0.525531530380249,0.9620689655172414,0.5439349446577818,0.5060039101750231,0.037931034482758585,0.6234587133810552,2
Larix decidua,62,1948,9034,0.8044930620523185,0.04140627993872899,0.3933090269565582,0.3064516129032258,0.8805623201239761,0.18701393302720182,0.6935483870967742,0.5417205253272583,2
Sequoiadendron giganteum,161,1847,9029,0.7167532636384212,0.8310192195690157,0.557956874370575,0.2546583850931677,0.8858123823236239,0.14047076741679154,0.7453416149068324,0.3644598598442975,2
Quercus pubescens,288,1637,8991,0.7641190573289339,0.9300228889085451,0.45610320568084717,0.9166666666666666,0.552441330219108,0.46910799688577454,0.08333333333333337,0.4868444833722612,2
Platanus hispanica,803,1099,8743,0.6824382117328803,0.8397628092766144,0.5229542851448059,0.7359900373599004,0.5277364748942011,0.2637265122541015,0.26400996264009957,0.33721764816229427,2
Melia azedarach,843,1025,8888,0.9209789306332768,0.9666073576259901,0.4742221236228943,0.9489916963226572,0.6631413141314132,0.6121330104540705,0.05100830367734277,0.69412101352484,2
Prunus amygdalus,1048,793,8708,0.8947173258248097,0.7963970374183578,0.47923150658607483,0.9856870229007634,0.5977262287551677,0.5834132516559309,0.014312977099236623,0.6882378930315898,2
Celtis australis,674,1163,8799,0.8754573371738021,0.9583254464963361,0.44075074791908264,0.9792284866468842,0.5856347312194568,0.5648632178663409,0.020771513353115778,0.6515103382060883,2
Arbutus unedo,446,1302,8903,0.861403598021325,0.9563247310862899,0.5706392526626587,0.9125560538116592,0.6701111984724251,0.5826672522840841,0.08744394618834084,0.6002664995776603,2
Olea europaea,563,1205,8842,0.8859153772383783,0.9729817879127624,0.46847718954086304,0.9662522202486679,0.6309658448314861,0.597218065080154,0.03374777975133214,0.6702145781698281,2
Acer monspessulanum,428,1374,8892,0.7969063339513414,0.9493155192687871,0.450488805770874,0.9439252336448598,0.5026990553306343,0.4466242889754941,0.05607476635514019,0.47895304400469185,2
Ulmus laevis,300,1436,8967,0.7273173859707818,0.9658152761114803,0.4716890752315521,0.36666666666666664,0.9517118322738931,0.3183784989405598,0.6333333333333333,0.3355536968885915,2
Fraxinus ornus,215,1482,8976,0.7494066865646893,0.9343273150844497,0.47535496950149536,0.7581395348837209,0.6057263814616756,0.36386591634539656,0.24186046511627912,0.3921376901712059,2
Alnus incana,55,1582,9039,0.6985225638395237,0.8324017557021098,0.376621276140213,0.4727272727272727,0.8696758490983516,0.34240312182562427,0.5272727272727273,0.35955103641794645,2
Taxodium distichum,274,1345,9003,0.8296492410072555,0.9413943628288435,0.5625896453857422,0.7408759124087592,0.7437520826391203,0.48462799504787935,0.25912408759124084,0.5211583973225471,2
Acer opalus,114,1390,9030,0.8553088146723398,0.9931508444962144,0.5434229373931885,0.5789473684210527,0.8776301218161683,0.45657749023722083,0.42105263157894735,0.5859241126070991,2
Prunus serotina,190,1255,8992,0.8910347209215209,0.9522298003165865,0.5403003692626953,0.8473684210526315,0.7973754448398577,0.6447438658924893,0.15263157894736845,0.656897359056003,2
Pistacia terebinthus,506,900,8853,0.8402238762323038,0.9532115889553234,0.5263850092887878,0.9071146245059288,0.6108663729809104,0.5179809974868392,0.09288537549407117,0.5442615865906424,2
Quercus coccifera,674,691,8810,0.9068082533673294,0.905307850714664,0.5945453643798828,0.9614243323442137,0.7164585698070375,0.6778829021512511,0.03857566765578635,0.7019791375460177,2
Pinus pinea,799,501,8774,0.8790141283853506,0.9854018212092486,0.3448711037635803,0.9787234042553191,0.47800319124686574,0.45672659550218486,0.021276595744680882,0.6649029602480647,2
Juniperus oxycedrus,457,838,8889,0.8995626340228734,0.7716857391694742,0.6164227724075317,0.9846827133479212,0.6600292496343796,0.6447119629823008,0.015317286652078765,0.6934378856369328,2
Pinus halepensis,345,647,8931,0.9060786480570039,0.8431549175452333,0.6478078961372375,0.9797101449275363,0.7197402306572612,0.6994503755847976,0.020289855072463725,0.737372026113245,2
Pinus uncinata,351,624,8963,0.9347062456512417,0.9800376823700928,0.5237016677856445,0.905982905982906,0.872810442932054,0.7787933489149599,0.09401709401709402,0.7985011505038282,2
Acacia dealbata,533,375,8894,0.8813932575073273,0.966814210832848,0.3653084933757782,0.9287054409005628,0.6940634135372161,0.622768854437779,0.07129455909943716,0.6361988667023029,2
Quercus suber,248,583,8965,0.9122645413165896,0.9353694547010982,0.6016575694084167,0.8185483870967742,0.8436140546569995,0.6621624417537737,0.18145161290322576,0.6937161542198154,2
Ostrya carpinifolia,45,532,9041,0.8630498101242488,0.9383464486103752,0.6044542789459229,0.7111111111111111,0.8459241234376729,0.5570352345487839,0.28888888888888886,0.6382332337868231,2
Prunus armeniaca,1191,2079,7774,0.8075259800532119,0.973849737914968,0.42434224486351013,0.836272040302267,0.6579624388988937,0.4942344792011606,0.16372795969773302,0.5012508054469926,3
Prunus persica,630,2565,7799,0.6760985840675544,0.8230333316000485,0.3773224949836731,0.6031746031746031,0.6187972817027824,0.2219718848773855,0.39682539682539686,0.25680072943824706,3
Pseudotsuga menziesii,260,2736,7864,0.8577500195633461,0.8766478644412954,0.5476951003074646,0.28846153846153844,0.9557477110885045,0.24420924955004297,0.7115384615384616,0.5864797715001174,3
Picea pungens,568,2401,7832,0.6688376235451524,0.9670265028892863,0.47644928097724915,0.3996478873239437,0.8342696629213483,0.23391755024529193,0.6003521126760563,0.29764670762059586,3
Malus sylvestris,497,2464,7677,0.5594261151119299,0.2897762350369569,0.4927363693714142,0.14285714285714285,0.8603621206200339,0.003219263477176826,0.8571428571428572,0.11998236651903083,3
Populus tremula,364,2509,7757,0.67062079341311,0.5936650951251005,0.5608056783676147,0.1401098901098901,0.8995745778006962,0.03968446791058633,0.8598901098901099,0.2988527200529263,3
Cydonia oblonga,783,2057,7673,0.7363092025095378,0.9534068340687855,0.5544523596763611,0.6091954022988506,0.7329597289195882,0.34215513121843877,0.3908045977011494,0.36936037679351674,3
Prunus avium,367,2460,7743,0.6246820104015898,0.8046966459582303,0.5182720422744751,0.14713896457765668,0.890998321064187,0.0381372856418436,0.8528610354223434,0.22838770432008376,3
Quercus petraea,211,2616,7855,0.7278233141567692,0.9477546527549001,0.48255401849746704,0.3459715639810427,0.886950986632718,0.23292255061376066,0.6540284360189573,0.3494233455311164,3
Torminalis glaberrima,406,2381,7738,0.7235089577760321,0.959009900990099,0.5452005863189697,0.37438423645320196,0.847764280175756,0.22214851662895807,0.625615763546798,0.32652815673911745,3
Salix caprea,268,2488,7799,0.7640804504213131,0.9863802748448195,0.4918554127216339,0.39552238805970147,0.8838312604180023,0.2793536484777037,0.6044776119402986,0.3966471974018866,3
Quercus rubra,302,2450,7832,0.799918740571877,0.902748980780431,0.4927186667919159,0.6291390728476821,0.7787282941777324,0.4078673670254145,0.3708609271523179,0.5497179173233939,3
Betula pendula,301,2446,7779,0.7826796652884779,0.9865463016889924,0.5188559889793396,0.49169435215946844,0.8258130865149762,0.31750743867444475,0.5083056478405316,0.41928114665986754,3
Pyrus communis,681,2036,7597,0.5236725912172225,0.1209675070929491,0.49056968092918396,0.14390602055800295,0.8229564301698039,-0.033137549272193145,0.856093979441997,0.14284504838740542,3
Rhaphiolepis bibas,1041,1652,7753,0.8318163351102167,0.9818723991666534,0.3795006275177002,0.8645533141210374,0.6679994840706823,0.5325527981917197,0.13544668587896258,0.5421808768394696,3
Castanea sativa,513,2190,7732,0.7808623487211447,0.9682003494467094,0.5150801539421082,0.8460038986354775,0.6420072426280393,0.48801114126351686,0.15399610136452246,0.49452567442057466,3
Ilex aquifolium,562,2114,7690,0.8013206364044445,0.9919277810133954,0.5495887994766235,0.7882562277580071,0.6747724317295188,0.4630286594875259,0.21174377224199292,0.4822226027238776,3
Punica granatum,932,1731,7744,0.8214854280096123,0.9038375296456709,0.3295041620731354,0.8540772532188842,0.643853305785124,0.4979305590040082,0.14592274678111583,0.5066505870251481,3
Prunus domestica,517,2153,7684,0.6093820010330693,0.6835799859171611,0.4910206198692322,0.29206963249516443,0.7956793336803748,0.08774896617553929,0.7079303675048356,0.18816637248692802,3
Carpinus betulus,122,2529,7869,0.7368663920884817,0.8461386138613861,0.5202140808105469,0.27049180327868855,0.8701232685220486,0.14061507180073707,0.7295081967213115,0.43385436523065196,3
Cupressus sempervirens,891,1692,7657,0.851852438156909,0.9284100174723354,0.39853861927986145,0.898989898989899,0.6972704714640199,0.5962603704539189,0.101010101010101,0.5984519787575815,3
Quercus robur,338,2264,7827,0.7807044799408511,0.7416839822254089,0.5416463017463684,0.5236686390532544,0.7695157787147056,0.2931844177679599,0.47633136094674555,0.5345625028822246,3
Pyrus pyraster,567,2037,7726,0.6591945883731197,0.29236046803331045,0.528457522392273,0.10582010582010581,0.904607817758219,0.010427923578324894,0.8941798941798942,0.2839029073820687,3
Ulmus minor,609,1972,7640,0.6676598406107342,0.8391030867792661,0.48103511333465576,0.6912972085385879,0.5337696335078534,0.22506684204644145,0.3087027914614121,0.2592235576303097,3
Juglans regia,416,2181,7723,0.6338445539796214,0.8864065230052417,0.49902641773223877,0.3701923076923077,0.7999482066554447,0.17014051434775235,0.6298076923076923,0.218209655972669,3
Crataegus laevigata,177,2419,7830,0.6269079521758267,0.6405032336567592,0.5053299069404602,0.11299435028248588,0.9659003831417624,0.07889473342424824,0.8870056497175142,0.19485247959824237,3
Corylus avellana,333,2262,7778,0.6562646472649044,0.87379986546633,0.4983524978160858,0.2672672672672673,0.825276420673695,0.09254368794096224,0.7327327327327327,0.2729091910115309,3
Robinia pseudoacacia,374,2209,7729,0.640051393356364,0.7321723937099592,0.5191226005554199,0.3315508021390374,0.7628412472506145,0.09439204938965196,0.6684491978609626,0.23483643448557856,3
Malus domestica,401,2152,7698,0.6990525764051808,0.8785057615231235,0.4407814145088196,0.5536159600997507,0.7118732138217719,0.2654891739215226,0.44638403990024933,0.33284870442755154,3
Fraxinus excelsior,265,2291,7796,0.6674211254925119,0.9093154027860418,0.5028969645500183,0.25660377358490566,0.8742945100051308,0.13089828359003652,0.7433962264150944,0.28296949572591656,3
Ulmus glabra,113,2439,7858,0.6124979447133523,0.8838788584740827,0.49310392141342163,0.1504424778761062,0.946678544158819,0.09712102203492523,0.8495575221238938,0.23470472569525003,3
Acer campestre,375,2173,7706,0.5827412405917467,0.820430984274898,0.5128803253173828,0.192,0.8610173890474955,0.05301738904749542,0.808,0.1392511462929319,3
Pinus pinaster,901,1584,7657,0.8035112409020668,0.9249155503785673,0.6333171129226685,0.7891231964483907,0.6915240955987985,0.48064729204718915,0.21087680355160932,0.48599795592290257,3
Tilia cordata,211,2324,7809,0.6083095274076151,0.48364323305118295,0.49854981899261475,0.22274881516587677,0.8792419003713664,0.10199071553724326,0.7772511848341233,0.16812658137196174,3
Mespilus germanica,369,2148,7777,0.7650099504723992,0.9436458940011648,0.5205668210983276,0.7750677506775068,0.6582229651536582,0.43329071583116496,0.22493224932249323,0.43354788440516523,3
Abies alba,334,2148,7774,0.7831380588450062,0.9704597608085376,0.5354558229446411,0.11976047904191617,0.9735014149729869,0.09326189401490304,0.8802395209580838,0.4345653945517763,3
Tilia platyphyllos,257,2221,7768,0.6620897065482655,0.9116831683168317,0.46122485399246216,0.3968871595330739,0.8112770339855818,0.20816419351865578,0.6031128404669261,0.2595573178599623,3
Pinus sylvestris,563,1914,7700,0.6193935549352956,-0.030728371910901324,0.48708516359329224,0.0586145648312611,0.9337662337662338,-0.007619201402505049,0.9413854351687388,0.26082166501349446,3
Fagus sylvatica,416,2054,7723,0.7942198129463441,0.9458940011648224,0.4641059339046478,0.5480769230769231,0.834002330700505,0.382079253777428,0.45192307692307687,0.44474453181804596,3
Cormus domestica,689,1730,7605,0.7294288285245079,0.9320442632498543,0.5228261351585388,0.6153846153846154,0.6778435239973701,0.29322813938198555,0.3846153846153846,0.35554563159788116,3
Acer platanoides,204,2205,7795,0.6444723238878618,0.936490787688268,0.4296182692050934,0.29901960784313725,0.8456703014753046,0.14468990931844194,0.7009803921568627,0.22013356978455267,3
Crataegus monogyna,398,1999,7744,0.5373604203870592,0.15885311256069845,0.47926926612854004,0.39949748743718594,0.5990444214876033,-0.0014580910752107767,0.6005025125628141,0.12321745608206325,3
Aesculus hippocastanum,379,2012,7742,0.6173939700458521,0.5312638322655795,0.4724469780921936,0.34300791556728233,0.7844226298114182,0.12743054537870058,0.6569920844327177,0.17676055426011295,3
Cornus mas,391,1996,7738,0.73130212674819,0.9243913803145021,0.4999943971633911,0.6163682864450127,0.7261566296200569,0.34252491606506963,0.38363171355498726,0.3957600548394709,3
Pinus nigra,571,1802,7704,0.5708727287937396,0.6645544554455446,0.5140962600708008,0.3345008756567426,0.7085929387331257,0.04309381438986826,0.6654991243432574,0.11337458831402891,3
Sorbus aucuparia,367,2002,7754,0.7815621575995935,0.9909433480257174,0.5002031326293945,0.6403269754768393,0.7832086664947124,0.4235356419715517,0.35967302452316074,0.4323580200146325,3
Alnus glutinosa,287,2067,7776,0.7441385806053827,0.9774868301929337,0.4722341001033783,0.8083623693379791,0.5397376543209876,0.34810002365896686,0.19163763066202089,0.3726945950015056,3
Prunus cerasus,296,2044,7779,0.5878452208475348,0.5854397204426325,0.4991574287414551,0.30743243243243246,0.7854480010284098,0.0928804334608424,0.6925675675675675,0.1515449599232861,3
Salix alba,316,2001,7749,0.6696756298485227,0.9491174988901596,0.5106979608535767,0.4430379746835443,0.7824235385210995,0.2254615132046438,0.5569620253164558,0.26736157054156434,3
Ficus carica,715,1554,7579,0.7404843342434053,0.9703231517896465,0.4760468006134033,0.6657342657342658,0.6779258477371685,0.3436601134714343,0.33426573426573425,0.38633065048159393,3
Taxus baccata,516,1803,7689,0.6586551209268048,0.9729761211415259,0.5311905145645142,0.5658914728682171,0.6639354922616725,0.22982696512988943,0.43410852713178294,0.24099740795518815,3
Aria edulis,392,1919,7748,0.8328502154604743,0.9058081801801788,0.3964838981628418,0.49744897959183676,0.8767423851316469,0.3741913647234836,0.5025510204081632,0.53653740794201,3
Picea abies,134,2169,7844,0.8148299489294983,0.9717179482864181,0.40769267082214355,0.5597014925373134,0.8502039775624681,0.4099054700997815,0.4402985074626866,0.5049377031213134,3
Juniperus communis,432,1862,7729,0.6825979775544726,0.9242399534071054,0.5399381518363953,0.44907407407407407,0.8023030146202613,0.2513770886943354,0.5509259259259259,0.2911614146815984,3
Populus alba,716,1530,7643,0.7429146105868224,0.9887768711691937,0.5585058331489563,0.6187150837988827,0.7056129791966506,0.3243280629955332,0.38128491620111726,0.3470377100454134,3
Salix fragilis,298,1957,7697,0.5933380302445038,0.680942022371048,0.5057209730148315,0.030201342281879196,0.9816811744835651,0.011882516765444162,0.9697986577181208,0.1724196562244682,3
Betula pubescens,437,1821,7752,0.8506101916859722,0.983657447060638,0.5513473749160767,0.8604118993135011,0.6923374613003096,0.5527493606138107,0.13958810068649885,0.5772030780275497,3
Acer pseudoplatanus,258,1998,7771,0.6908591772830609,0.9525418102443598,0.5272775888442993,0.3372093023255814,0.873246686398147,0.21045598872372828,0.6627906976744187,0.29604751915040917,3
Laurus nobilis,849,1347,7584,0.7025937687922749,0.9157367501456027,0.40064480900764465,0.8409893992932862,0.49103375527426163,0.33202315456754783,0.1590106007067138,0.33620528991665555,3
Prunus padus,188,2058,7849,0.6335113837512842,0.8535426926012316,0.44526466727256775,0.21808510638297873,0.9213912600331252,0.13947636641610384,0.7819148936170213,0.18849534972607979,3
Prunus mahaleb,418,1826,7725,0.7737656586302473,0.9450231363555979,0.5753973126411438,0.7535885167464115,0.6925566343042071,0.4461451510506187,0.24641148325358853,0.46768894876201983,3
Acer negundo,340,1880,7801,0.8425876772962743,0.9716132789749563,0.49183160066604614,0.7558823529411764,0.7546468401486989,0.5105291930898752,0.24411764705882355,0.521039911926827,3
Populus nigra,480,1726,7708,0.6890203360145304,0.9697319145878772,0.495049387216568,0.5354166666666667,0.7240529320186819,0.2594695986853486,0.46458333333333335,0.2949295104653174,3
Paulownia tomentosa,385,1769,7821,0.7634749600227161,0.8354902212590252,0.4463779628276825,0.6519480519480519,0.7147423603119806,0.3666904122600325,0.34805194805194806,0.4316656620454089,3
Cedrus atlantica,638,1485,7635,0.6975002720108066,0.9898194525334887,0.47943544387817383,0.6159874608150471,0.6712508185985593,0.28723827941360636,0.38401253918495293,0.3113842168039038,3
Fraxinus angustifolia,826,1292,7593,0.7512091390407056,0.945497961560862,0.5016412138938904,0.8244552058111381,0.6102989595680232,0.43475416537916134,0.17554479418886193,0.4534772852145901,3
Ailanthus altissima,523,1538,7696,0.7916463768519217,0.9900087070767284,0.4654662609100342,0.7762906309751434,0.6504677754677755,0.42675840644291885,0.2237093690248566,0.437027205908659,3
Quercus ilex,1221,731,7496,0.7445983203053641,0.9438634809311661,0.5522007942199707,0.7796887796887797,0.6240661686232657,0.4037549483120455,0.2203112203112203,0.4254507126705633,3
Cercis siliquastrum,713,1345,7610,0.8140021157663294,0.9633896330809552,0.4332362413406372,0.8092566619915849,0.699868593955322,0.5091252559469068,0.19074333800841514,0.519213480454042,3
Larix decidua,579,1431,7706,0.9067095285417863,0.9873470802228241,0.5338994860649109,0.8272884283246977,0.8585517778354529,0.6858402061601505,0.17271157167530227,0.7257079807269485,3
Sequoiadendron giganteum,331,1677,7851,0.732680925438713,0.9524397489259885,0.500068724155426,0.22658610271903323,0.9174627435995415,0.14404884631857473,0.7734138972809668,0.35883396230626224,3
Quercus pubescens,539,1386,7722,0.745735385345775,0.958462434478742,0.5514885783195496,0.7105751391465677,0.6394716394716394,0.3500467786182071,0.28942486085343233,0.41292569863998435,3
Platanus hispanica,317,1585,7704,0.7929135096357007,0.9875101558287526,0.2889605760574341,0.8643533123028391,0.5687954309449637,0.4331487432478027,0.13564668769716093,0.4753546848537857,3
Melia azedarach,842,1026,7785,0.9118903671565239,0.9688438230787237,0.2812035083770752,0.9786223277909739,0.7070006422607579,0.6856229700517318,0.02137767220902609,0.7214086410769233,3
Prunus amygdalus,577,1264,7584,0.8488758373004556,0.8827909551162209,0.5909610390663147,0.7850953206239168,0.7436708860759493,0.5287662066998662,0.21490467937608315,0.5755302598190846,3
Celtis australis,662,1175,7608,0.8570967791893411,0.9496413772177521,0.48736873269081116,0.8897280966767371,0.7114879074658255,0.6012160041425627,0.11027190332326287,0.6123626425991404,3
Arbutus unedo,774,974,7668,0.8392227708292053,0.9930576587070472,0.5388822555541992,0.8023255813953488,0.7347417840375586,0.5370673654329075,0.19767441860465118,0.5462053111086849,3
Olea europaea,625,1143,7692,0.7953536141445657,0.9740011648223645,0.522373616695404,0.7456,0.7163286531461258,0.46192865314612597,0.25439999999999996,0.46310889235569425,3
Acer monspessulanum,524,1278,7661,0.7896626962577384,0.9299036980345137,0.5622805953025818,0.7938931297709924,0.6454770917634773,0.4393702215344697,0.20610687022900764,0.4477324427979127,3
Ulmus laevis,136,1600,7848,0.833720280925826,0.8780281829629044,0.541107177734375,0.3088235294117647,0.9454638124362895,0.25428734184805424,0.6911764705882353,0.5708610661389939,3
Fraxinus ornus,399,1298,7780,0.7595189773920663,0.9888293535235877,0.5703027844429016,0.7268170426065163,0.6771208226221079,0.4039378652286243,0.27318295739348375,0.42687663889801625,3
Alnus incana,432,1205,7690,0.799591520974811,0.9482935352358766,0.5615566968917847,0.5555555555555556,0.85851755526658,0.4140731108221356,0.4444444444444444,0.44822520830323176,3
Taxodium distichum,328,1291,7835,0.7397843479072953,0.7950029120559114,0.45823121070861816,0.5579268292682927,0.7282705807275048,0.28619740999579757,0.44207317073170727,0.4157727209052562,3
Acer opalus,541,963,7701,0.8499635522765006,0.9867443214909726,0.532770037651062,0.6266173752310537,0.8270354499415661,0.45365282517261973,0.37338262476894635,0.5941218954928436,3
Prunus serotina,43,1402,7894,0.8174062137272347,0.7870320975280894,0.4034086763858795,0.6744186046511628,0.7244742842665315,0.39889288891769414,0.32558139534883723,0.5761131504056658,3
Pistacia terebinthus,757,649,7589,0.8750066363521004,0.9476810895055693,0.5429314374923706,0.9762219286657859,0.6446172091184609,0.6208391377842468,0.023778071334214057,0.6300525703527301,3
Quercus coccifera,679,686,7646,0.918121635693117,0.9622653597446822,0.5175107717514038,0.9602356406480118,0.7457494114569709,0.7059850521049826,0.03976435935198819,0.7099483515209277,3
Pinus pinea,425,875,7731,0.8965107626286836,0.9451116527023851,0.39588117599487305,0.9858823529411764,0.7218988487905834,0.70778120173176,0.014117647058823568,0.7355234464759904,3
Juniperus oxycedrus,753,542,7615,0.8476844209940714,0.8196704125556378,0.49147191643714905,0.8446215139442231,0.73827971109652,0.582901225040743,0.15537848605577687,0.6400293333124059,3
Pinus halepensis,640,352,7650,0.8877244689542484,0.8520691794371116,0.4271125793457031,0.8359375,0.7742483660130719,0.6101858660130719,0.1640625,0.6774775326797385,3
Pinus uncinata,294,681,7758,0.9107478258124595,0.8721200192556304,0.44308969378471375,0.9591836734693877,0.7973704563031709,0.7565541297725586,0.04081632653061229,0.758695434863814,3
Acacia dealbata,266,642,7830,0.8958560193587417,0.6878316004029635,0.3307659924030304,0.9887218045112782,0.6881226053639847,0.6768444098752631,0.011278195488721776,0.7432028346728892,3
Quercus suber,386,445,7815,0.9759904395360324,0.8851343327755687,0.7175480723381042,0.9844559585492227,0.8815099168266155,0.8659658753758381,0.015544041450777257,0.8923924033428474,3
Pinus cembra,407,390,7718,0.9323070036985559,0.9387673088838575,0.3037931025028229,0.9803439803439803,0.821067634102099,0.8014116144460792,0.019656019656019708,0.8117913196949217,3
Ostrya carpinifolia,310,267,7845,0.842027591027776,0.7865579499126383,0.35998982191085815,0.8193548387096774,0.7152326322498407,0.5345874709595182,0.1806451612903226,0.5649807767429429,3
Juniperus thurifera,396,145,7747,0.8720123658164189,0.9840506233315554,0.3331078290939331,0.7323232323232324,0.8223828578804698,0.5547060902037022,0.2676767676767676,0.6117330527424758,3
Prunus armeniaca,346,2924,13165,0.7829344754988375,0.9942224810716366,0.5649961233139038,0.45664739884393063,0.9354348651728067,0.3920822640167374,0.5433526011560694,0.4472706357064295,4
Prunus persica,330,2865,13146,0.7143852952159662,0.9935002912055911,0.5616198182106018,0.3303030303030303,0.9124448501445307,0.24274788044756113,0.6696969696969697,0.33217155581372837,4
Pseudotsuga menziesii,663,2333,13053,0.7383587206075614,0.982422830518346,0.4584880769252777,0.5746606334841629,0.7983605301463265,0.3730211636304892,0.42533936651583715,0.3805335227455903,4
Picea pungens,876,2093,13085,0.7277391589588972,0.9911094674167457,0.4352589249610901,0.7100456621004566,0.6158196408100879,0.3258653029105445,0.2899543378995434,0.3567774282309383,4
Malus sylvestris,763,2198,12852,0.614293882690691,0.8159546183919815,0.4639988839626312,0.781127129750983,0.3760504201680672,0.1571775499190502,0.21887287024901703,0.1933344183748933,4
Populus tremula,840,2033,12814,0.5842682296892535,0.9288526499708795,0.45058947801589966,0.475,0.6651318869985953,0.14013188699859525,0.525,0.14762071989713632,4
Cydonia oblonga,346,2494,13150,0.7703613266225632,0.9833313919627257,0.5537222623825073,0.49421965317919075,0.887680608365019,0.38190026154420975,0.5057803468208093,0.41202444009758454,4
Prunus avium,847,1980,12827,0.5504241394586334,0.8363706253527136,0.48130327463150024,0.37662337662337664,0.6962656895610821,0.07288906618445878,0.6233766233766234,0.07994113656175922,4
Quercus petraea,848,1979,12908,0.6620373280282522,0.9836924868957484,0.5048345923423767,0.38443396226415094,0.8304927176944531,0.21492667995860404,0.6155660377358491,0.24698665738959602,4
Torminalis glaberrima,775,2012,12895,0.7481787639620258,0.9928885527958635,0.5240779519081116,0.5870967741935483,0.7807677394338891,0.36786451362743744,0.41290322580645167,0.39614103991294447,4
Salix caprea,826,1930,12803,0.5858643148671836,0.871648223645894,0.48256227374076843,0.5653753026634383,0.5642427556041553,0.12961805826759365,0.4346246973365617,0.1366086073576505,4
Quercus rubra,725,2027,12924,0.7202789784309331,0.9863366336633663,0.4469895362854004,0.6648275862068965,0.631538223460229,0.29636580966712556,0.3351724137931035,0.31355596110951023,4
Betula pendula,934,1813,12815,0.6499652441556293,0.9597437390797904,0.4501655399799347,0.576017130620985,0.6520483808037456,0.22806551142473053,0.42398286937901497,0.241899089413587,4
Pyrus communis,633,2084,12948,0.5822343328838504,0.8619569015725101,0.43572068214416504,0.7488151658767772,0.3236793327154773,0.07249449859225443,0.2511848341232228,0.1319990131872733,4
Rhaphiolepis bibas,290,2403,13169,0.8884646806371285,0.9961589870717458,0.5950352549552917,0.5379310344827586,0.9619561090439669,0.49988714352672536,0.4620689655172414,0.6403827169868631,4
Castanea sativa,840,1863,12868,0.6226347750788224,0.7940325976521659,0.4022408425807953,0.4357142857142857,0.7566055331053777,0.19231981881966353,0.5642857142857143,0.19694776263007532,4
Ilex aquifolium,741,1935,12904,0.6775997859831514,0.8876412347117064,0.43996819853782654,0.4601889338731444,0.7785182889026658,0.23870722277581025,0.5398110661268556,0.2753659746677008,4
Punica granatum,175,2488,13209,0.9162246520229713,0.9948747815958067,0.5825285315513611,0.6742857142857143,0.9516995987584222,0.6259853130441364,0.32571428571428573,0.7306442577030813,4
Prunus domestica,723,1947,12872,0.6143312771263304,0.9803695549571252,0.45505204796791077,0.9557399723374828,0.10394655065257924,0.05968652299006205,0.04426002766251724,0.16613520764510137,4
Carpinus betulus,836,1815,12831,0.5457525397335028,0.7643098427489807,0.4497259259223938,0.19976076555023922,0.8385160938352427,0.038276859385481865,0.8002392344497608,0.07943903800566732,4
Cupressus sempervirens,186,2397,13187,0.8548440097815461,0.9708647957664803,0.5413361191749573,0.5053763440860215,0.9434291347539243,0.4488054788399458,0.4946236559139785,0.5574433439253876,4
Quercus robur,794,1808,12864,0.5700805638056569,0.8134769947582994,0.47717589139938354,0.40302267002518893,0.6985385572139303,0.10156122723911931,0.5969773299748111,0.11795477900171686,4
Pyrus pyraster,541,2063,12925,0.683482053793927,0.9983110075713454,0.47012948989868164,0.5175600739371534,0.7509477756286267,0.26850784956578,0.4824399260628466,0.2749689842937178,4
Ulmus minor,813,1768,12760,0.5243763182145929,0.6709042591226837,0.5009481906890869,0.6469864698646987,0.3879310344827586,0.03491750434745722,0.35301353013530135,0.06112958700119919,4
Juglans regia,804,1793,12788,0.6349519994646723,0.9824781085601021,0.4841485619544983,0.8507462686567164,0.28542383484516737,0.13617010350188385,0.14925373134328357,0.22013602615636235,4
Crataegus laevigata,772,1824,12794,0.580983354405927,0.9668423662330851,0.5087968707084656,0.21502590673575128,0.8407847428482101,0.055810649583961425,0.7849740932642487,0.13032481222982606,4
Corylus avellana,841,1754,12807,0.4857569902458404,-0.37055329062318,0.5187826752662659,0.24256837098692033,0.7369407355352542,-0.02049089347782551,0.7574316290130797,0.005989497234484671,4
Robinia pseudoacacia,854,1729,12716,0.5046344828805547,0.1589346503636627,0.4888661205768585,0.3700234192037471,0.6204781377791758,-0.00949844301707703,0.629976580796253,0.050259018308822616,4
Malus domestica,863,1690,12709,0.6082135660470719,0.9344050339106519,0.4809762239456177,0.899188876013905,0.1827838539617594,0.0819727299756643,0.10081112398609504,0.1655120362053989,4
Fraxinus excelsior,777,1779,12871,0.5088761192016572,0.537060387481565,0.49898332357406616,0.25353925353925355,0.7647424442545256,0.018281697793779195,0.7464607464607464,0.0278089670522271,4
Ulmus glabra,675,1877,12828,0.6478284193142316,0.9436691904484567,0.4956705868244171,0.2814814814814815,0.8288899282818833,0.11037140976336479,0.7185185185185186,0.22529778609292173,4
Acer campestre,731,1817,12832,0.5231900903520952,0.6868375072801398,0.5122348070144653,0.3378932968536252,0.6890586034912718,0.02695190034489703,0.6621067031463748,0.04960090369152359,4
Pinus pinaster,551,1934,13023,0.8848753977501483,0.9967617938264415,0.4445624053478241,0.8457350272232305,0.7591184826844813,0.6048535099077119,0.15426497277676954,0.6193547281209721,4
Tilia cordata,820,1715,12759,0.5468749940262159,0.6050203843913803,0.45825135707855225,0.48048780487804876,0.5629751547926953,0.043462959670744095,0.5195121951219512,0.12540110376415303,4
Mespilus germanica,783,1734,12843,0.6020042225247261,0.9450087361677344,0.4973290264606476,0.34738186462324394,0.8024604843105193,0.14984234893376325,0.6526181353767561,0.1618019924087633,4
Abies alba,193,2289,13153,0.6997201922845868,0.9708677926616192,0.467599093914032,0.41450777202072536,0.8971337337489547,0.31164150576967997,0.5854922279792747,0.3311732897280275,4
Tilia platyphyllos,664,1814,12793,0.5979267064349009,0.9846359930110659,0.4421207308769226,0.6234939759036144,0.4972250449464551,0.12071902085006947,0.37650602409638556,0.14964226483044663,4
Pinus sylvestris,690,1787,12919,0.5986227452880882,0.8322280997904326,0.4634903371334076,0.7101449275362319,0.41682792785819334,0.12697285539442538,0.28985507246376807,0.18492210663767894,4
Fagus sylvatica,581,1889,12978,0.685757096147618,0.9240419336051252,0.44367101788520813,0.4991394148020654,0.7532747726922484,0.25241418749431377,0.5008605851979346,0.30393325498016105,4
Cormus domestica,656,1763,12847,0.8087373179085181,0.9899819458809778,0.5139225721359253,0.8902439024390244,0.5229236397602554,0.41316754219927976,0.1097560975609756,0.4754022244920044,4
Acer platanoides,773,1636,12779,0.6653534000791848,0.9898660454280722,0.48527902364730835,0.5084087968952135,0.7254871273182565,0.23389592421346994,0.49159120310478654,0.2417353340958905,4
Crataegus monogyna,734,1663,12893,0.5253966782980689,0.4422947000582411,0.43701133131980896,0.5204359673024523,0.540215620879547,0.06065158818199934,0.47956403269754766,0.07242265040003332,4
Aesculus hippocastanum,779,1612,12803,0.7105998604106046,0.9952358765288294,0.4838813543319702,0.6020539152759948,0.6971022416621104,0.29915615693810516,0.39794608472400517,0.30927673903450703,4
Cornus mas,663,1724,12882,0.6427790551807648,0.9890390215492137,0.435953825712204,0.555052790346908,0.6409718987734824,0.1960246891203905,0.444947209653092,0.2018032106253701,4
Pinus nigra,727,1646,12915,0.6644257953681915,0.9057836814245713,0.4525044858455658,0.9037138927097662,0.22524196670538135,0.12895585941514764,0.09628610729023379,0.24040256869458065,4
Sorbus aucuparia,625,1744,12940,0.7442601545595054,0.9913919627256843,0.49119842052459717,0.4192,0.8560278207109737,0.27522782071097374,0.5808,0.37976939721792885,4
Alnus glutinosa,639,1715,12866,0.5637678081546953,0.7023179591280447,0.44496503472328186,0.5383411580594679,0.5567386911238924,0.09507984918336021,0.4616588419405321,0.10784280097219756,4
Prunus cerasus,723,1617,12782,0.6431652676340973,0.8868659163696347,0.5278915166854858,0.8713692946058091,0.23791268971991864,0.10928198432572778,0.12863070539419086,0.2111957015971414,4
Salix alba,778,1539,12731,0.6152582032118431,0.9876636584504693,0.5182304382324219,0.5347043701799485,0.6245385280025135,0.15924289818246207,0.46529562982005146,0.16594041344740962,4
Ficus carica,460,1809,13051,0.8167345164288593,0.9960512521840419,0.4956130087375641,0.717391304347826,0.7826220213010497,0.5000133256488759,0.28260869565217395,0.5158252074636959,4
Taxus baccata,679,1640,12828,0.6757545051716307,0.9884100174723355,0.46130743622779846,0.5095729013254786,0.7496881821016527,0.2592610834271314,0.4904270986745214,0.2758855926813263,4
Aria edulis,243,2068,13105,0.842670861967992,0.991156060447011,0.40316203236579895,0.6337448559670782,0.8880579931323922,0.5218028490994704,0.3662551440329218,0.5536739503503674,4
Picea abies,340,1963,13104,0.7363211951447246,0.9931275080396045,0.4407268166542053,0.3911764705882353,0.9117826617826618,0.3029591323708971,0.6088235294117648,0.36158604467427996,4
Juniperus communis,694,1600,12810,0.6613748489900046,0.9812433932580721,0.46328005194664,0.6858789625360231,0.5329430132708821,0.2188219758069052,0.3141210374639769,0.23747635020370889,4
Populus alba,765,1481,12795,0.680826609659104,0.9927781013395457,0.5469616055488586,0.46405228758169936,0.7803829620945681,0.2444352496762674,0.5359477124183006,0.27345393804258716,4
Salix fragilis,662,1593,12725,0.6128962660034781,0.896062483532882,0.4243318438529968,0.9682779456193353,0.07811394891944991,0.04639189453878534,0.031722054380664666,0.2078616326070311,4
Betula pubescens,693,1565,12828,0.703871536425325,0.9700144729641389,0.49215182662010193,0.36075036075036077,0.8709853445587776,0.23173570530913845,0.6392496392496392,0.28965486753138764,4
Acer pseudoplatanus,699,1557,12831,0.57287535362597,0.8068375072801398,0.4788881540298462,0.41201716738197425,0.6648741329592394,0.0768913003412135,0.5879828326180258,0.12488631509725467,4
Laurus nobilis,379,1817,13121,0.7861019184336415,0.9858008153756552,0.4847085773944855,0.6094986807387863,0.8099992378629678,0.419497918601754,0.3905013192612137,0.4436349391768397,4
Prunus padus,580,1666,12970,0.6309466142025364,0.9851832870008723,0.4810307025909424,0.4724137931034483,0.6976869699306091,0.1701007630340574,0.5275862068965518,0.17911626299417754,4
Prunus mahaleb,705,1539,12840,0.712239068955613,0.9808969132207338,0.5299490690231323,0.6453900709219859,0.6665109034267913,0.3119009743487773,0.35460992907801414,0.33219825014913495,4
Acer negundo,661,1559,12868,0.7920925943256254,0.9873966220151427,0.5148528218269348,0.6142208774583964,0.8093720857942183,0.42359296325261475,0.3857791225416036,0.45073214019507757,4
Populus nigra,560,1646,12933,0.6975500104936431,0.9908444962143274,0.46087443828582764,0.7214285714285714,0.5568700224232583,0.27829859385182987,0.2785714285714286,0.31152367697252875,4
Paulownia tomentosa,358,1796,13119,0.8570121547450689,0.9721141525917297,0.5175005793571472,0.7374301675977654,0.8573061971186828,0.5947363647164483,0.26256983240223464,0.5967182230897998,4
Cedrus atlantica,321,1802,13150,0.6791367281428047,0.9850203843913803,0.4632389545440674,0.4485981308411215,0.8164258555133079,0.2650239863544295,0.5514018691588785,0.27718915461426386,4
Fraxinus angustifolia,356,1762,13090,0.805686646466554,0.9965288293535236,0.6082579493522644,0.4859550561797753,0.8816653934300993,0.3676204496098747,0.5140449438202247,0.4860584887683368,4
Ailanthus altissima,734,1327,12808,0.7966753153257415,0.9889108910891089,0.5293354988098145,0.6267029972752044,0.8182386008744534,0.44494159814965784,0.3732970027247956,0.45877980723900424,4
Quercus ilex,177,1775,13170,0.8128832434612134,0.9757367501456028,0.5024096369743347,0.6497175141242938,0.8385725132877753,0.48829002741206917,0.3502824858757062,0.5114847560583247,4
Cercis siliquastrum,377,1681,13118,0.8926807193468953,0.9715084449621433,0.5929393172264099,0.7957559681697612,0.8693398383899985,0.6650958065597599,0.20424403183023876,0.6731918763899039,4
Larix decidua,183,1827,13183,0.739656429521544,0.9793011065812464,0.40145382285118103,0.639344262295082,0.6864901767427748,0.3258344390378567,0.360655737704918,0.3426738940571335,4
Sequoiadendron giganteum,703,1305,13091,0.7371284801118073,0.9772976121141526,0.4919484257698059,0.7951635846372689,0.501260407913834,0.29642399255110297,0.20483641536273112,0.36767574999948394,4
Quercus pubescens,606,1319,12849,0.7891147158143318,0.965393127548049,0.5423849821090698,0.7376237623762376,0.6640205463460191,0.40164430872225676,0.2623762376237624,0.4092987164698258,4
Platanus hispanica,338,1564,13025,0.7755263546434372,0.9816540477577169,0.4167827069759369,0.6745562130177515,0.7622264875239924,0.43678270054174373,0.3254437869822485,0.4444463878067894,4
Melia azedarach,40,1828,13242,0.9509099833861955,0.9255773322891482,0.5959662795066833,0.375,0.9864824044706237,0.36148240447062374,0.625,0.805225796707446,4
Prunus amygdalus,15,1826,13252,0.8645789314820405,0.11509523329419251,0.4914124011993408,0.26666666666666666,0.9962269846060972,0.26289365127276376,0.7333333333333334,0.6119126672703492,4
Celtis australis,220,1617,13163,0.9291864938222152,0.9833604156277184,0.5033403635025024,0.7454545454545455,0.9351971435083187,0.6806516889628642,0.2545454545454545,0.7320170864613621,4
Arbutus unedo,157,1591,13209,0.8546281656060599,0.9633253542700032,0.6265274882316589,0.5477707006369427,0.9368612309788781,0.48463193161582074,0.45222929936305734,0.5722700166312006,4
Olea europaea,291,1477,13170,0.8164345709164064,0.98768782760629,0.6269976496696472,0.5360824742268041,0.9129840546697039,0.4490665288965081,0.4639175257731959,0.4984837454696319,4
Acer monspessulanum,154,1648,13193,0.8025502504771814,0.7924833793958452,0.5649785399436951,0.6038961038961039,0.8572727961797924,0.4611689000758963,0.39610389610389607,0.48893992386753704,4
Ulmus laevis,572,1164,12836,0.7188177590561511,0.9879188350799071,0.4350879192352295,0.8793706293706294,0.3787784356497351,0.2581490650203646,0.12062937062937062,0.3212964193799345,4
Fraxinus ornus,325,1372,13107,0.8278532316847721,0.985824111822947,0.44795510172843933,0.7353846153846154,0.7875181200885023,0.5229027354731177,0.2646153846153846,0.5455670780733723,4
Alnus incana,334,1303,13022,0.6873854425996724,0.34451178986785114,0.36139175295829773,0.6856287425149701,0.5675779450161266,0.25320668753109654,0.3143712574850299,0.2706543601477739,4
Taxodium distichum,491,1128,13090,0.760971746595324,0.994618520675597,0.4551298916339874,0.6619144602851323,0.7369747899159664,0.3988892502010988,0.33808553971486766,0.410255337091326,4
Acer opalus,61,1443,13238,0.7086516956897555,0.6657153758157466,0.3833947479724884,0.29508196721311475,0.9302009366973863,0.2252829039105011,0.7049180327868853,0.3574954366342299,4
Prunus serotina,802,643,12855,0.7672322014877238,0.9909609784507862,0.4732048809528351,0.6807980049875312,0.7299883313885648,0.41078633637609596,0.3192019950124688,0.4156227478755464,4
Prunus armeniaca,382,2888,9211,0.8203110212521905,0.9955416294207308,0.5085732340812683,0.680628272251309,0.8252089892519813,0.5058372615032902,0.31937172774869105,0.5212686743200852,5
Prunus persica,676,2519,9149,0.7646486730854926,0.9958172943680591,0.5367082953453064,0.6301775147928994,0.7283856159143076,0.358563130707207,0.3698224852071006,0.4101327722950935,5
Pseudotsuga menziesii,1155,1841,8948,0.8736050717275572,0.9984740827023879,0.5800138711929321,0.8692640692640693,0.7336835046937863,0.6029475739578556,0.1307359307359307,0.6223838745072541,5
Picea pungens,504,2465,9198,0.730658536879998,0.985497961560862,0.545728862285614,0.48412698412698413,0.8390954555338117,0.3232224396607959,0.5158730158730158,0.3321374211785171,5
Malus sylvestris,778,2183,8957,0.5847849034791476,0.9653560095312652,0.45751070976257324,0.7557840616966581,0.35301998436976667,0.1088040460664248,0.24421593830334187,0.11415724313221154,5
Populus tremula,832,2041,8952,0.7100071911304736,0.9826674432149097,0.5546630024909973,0.734375,0.5852323503127793,0.3196073503127792,0.265625,0.3429240135423111,5
Cydonia oblonga,323,2517,9179,0.7213736969263196,0.9867443214909726,0.5181286931037903,0.5789473684210527,0.7464865453753132,0.325433913796366,0.42105263157894735,0.3524018514464805,5
Prunus avium,801,2026,9008,0.6699772209693479,0.9948502552264592,0.5454635620117188,0.568039950062422,0.6680728241563055,0.23611277421872767,0.431960049937578,0.2410975235218854,5
Quercus petraea,761,2066,9031,0.7217560305858446,0.9591350003971955,0.497400164604187,0.7910643889618922,0.5501051932233418,0.3411695821852341,0.20893561103810776,0.3495809658977233,5
Torminalis glaberrima,908,1879,9008,0.6690518242228152,0.9474315666860804,0.542568564414978,0.7158590308370044,0.5127664298401421,0.2286254606771465,0.2841409691629956,0.24640554455755437,5
Salix caprea,748,2008,8973,0.7237233089643261,0.9642252889536775,0.45944905281066895,0.7713903743315508,0.5749470634124596,0.3463374377440105,0.22860962566844922,0.353810987329189,5
Quercus rubra,829,1923,8978,0.8214939561415506,0.9983313871078645,0.5410815477371216,0.856453558504222,0.6202940521274226,0.4767476106316446,0.143546441495778,0.4860100322971499,5
Betula pendula,752,1995,9007,0.7943815566616036,0.9884100174723355,0.48885220289230347,0.7925531914893617,0.6477184412123904,0.44027163270175196,0.20744680851063835,0.4639343749187984,5
Pyrus communis,676,2041,8943,0.5423351839758311,0.48208742266867216,0.5412207245826721,0.5724852071005917,0.4769093145476909,0.04939452164828273,0.4275147928994083,0.10301237224314147,5
Rhaphiolepis bibas,292,2401,9217,0.9184064288591213,0.9920587080071409,0.4901123344898224,0.8287671232876712,0.8345448627536075,0.6633119860412786,0.17123287671232879,0.6838502707177476,5
Castanea sativa,604,2099,9054,0.8371297234985964,0.994828188701223,0.5095139145851135,0.8609271523178808,0.6555113761873205,0.5164385285052013,0.13907284768211925,0.5435236264532013,5
Ilex aquifolium,538,2138,9055,0.8074144170589068,0.9819918462434478,0.5219687223434448,0.828996282527881,0.6462727774710105,0.4752690599988916,0.17100371747211895,0.483614384625964,5
Punica granatum,345,2318,9203,0.9025117833346719,0.9556319161327897,0.529871940612793,0.8376811594202899,0.8054982071063783,0.6431793665266681,0.16231884057971013,0.6553225397515303,5
Prunus domestica,600,2070,9011,0.5963341101616543,0.9907468761199144,0.539153516292572,0.54,0.5787370991010986,0.11873709910109875,0.45999999999999996,0.1435169977434987,5
Carpinus betulus,913,1738,9016,0.6971971332940052,0.9882119976703553,0.415880024433136,0.891566265060241,0.34494232475598935,0.23650858981623024,0.10843373493975905,0.30396977115528345,5
Cupressus sempervirens,170,2413,9218,0.8521540336681429,0.9848688693752905,0.4264383316040039,0.6470588235294118,0.8436754176610979,0.49073424119050957,0.3529411764705882,0.5478131022424158,5
Quercus robur,771,1831,9026,0.7134582814943312,0.9903551585431165,0.42931678891181946,0.8962386511024644,0.32317748725902945,0.21941613836149387,0.10376134889753563,0.31836619559635043,5
Pyrus pyraster,892,1712,8907,0.7235534504277131,0.9978678833912109,0.5268347859382629,0.6692825112107623,0.6492646233299652,0.3185471345407276,0.3307174887892377,0.3233545339711145,5
Ulmus minor,455,2126,9105,0.7005091997513744,0.9913540808256385,0.4291902780532837,0.7296703296703296,0.6030752333882482,0.33274556305857783,0.27032967032967037,0.33435318114066054,5
Juglans regia,514,2083,9037,0.6380648040545807,0.982901303430239,0.5518558025360107,0.5233463035019456,0.6698019254177271,0.19314822891967265,0.47665369649805445,0.21585233900062395,5
Crataegus laevigata,744,1852,9024,0.5916246937676352,0.9331741409435061,0.5356614589691162,0.7419354838709677,0.35494237588652483,0.09687785975749263,0.25806451612903225,0.1462694463509494,5
Corylus avellana,662,1933,9073,0.6460193802334405,0.9822830518345952,0.492005318403244,0.770392749244713,0.4173922627576325,0.18778501200234565,0.22960725075528698,0.22213929114070735,5
Robinia pseudoacacia,582,2001,8999,0.6237454218853641,0.989976271713915,0.3962670862674713,0.852233676975945,0.3018113123680409,0.15404498934398592,0.147766323024055,0.18788322795698192,5
Malus domestica,627,1926,8916,0.6064305304228801,0.9846984201319815,0.5598411560058594,0.5119617224880383,0.6221399730820996,0.13410169557013774,0.4880382775119617,0.15249130105331843,5
Fraxinus excelsior,677,1879,9072,0.6325634054431445,0.773185789167152,0.4903486371040344,0.8079763663220089,0.3030202821869489,0.11099664850895774,0.19202363367799113,0.231031446442574,5
Ulmus glabra,678,1874,8944,0.7580237868137899,0.9655329062317997,0.35121962428092957,0.7595870206489675,0.6432245080500895,0.402811528699057,0.24041297935103245,0.4195627595632741,5
Acer campestre,755,1793,9021,0.6118149630259343,0.9788108747427211,0.49037307500839233,0.8463576158940397,0.3016295310941137,0.1479871469881533,0.15364238410596032,0.18494183182581336,5
Pinus pinaster,437,2048,9141,0.8650516432489022,0.9468227921495944,0.5020168423652649,0.6956521739130435,0.8392954818947599,0.5349476558078035,0.30434782608695654,0.5700884465269136,5
Tilia cordata,680,1855,8980,0.6698809445827328,0.9642748980780431,0.46006157994270325,0.8308823529411765,0.4183741648106904,0.24925651775186686,0.16911764705882348,0.2817273680073366,5
Mespilus germanica,453,2064,9086,0.7473348853413956,0.9335080684481252,0.5556297302246094,0.8211920529801324,0.5654853620955316,0.386677415075664,0.17880794701986757,0.4064555566407626,5
Abies alba,1000,1482,8992,0.8754050266903914,0.9945806481715093,0.5245555639266968,0.857,0.7473309608540926,0.6043309608540925,0.14300000000000002,0.6060044483985765,5
Tilia platyphyllos,749,1729,8925,0.6406113847408123,0.9818897422952011,0.5239740014076233,0.6662216288384513,0.5439775910364145,0.21019921987486567,0.33377837116154874,0.21487578208853636,5
Pinus sylvestris,626,1851,9019,0.6962259652767125,0.9813395457192778,0.5919991135597229,0.43130990415335463,0.8157223638984367,0.24703226805179135,0.5686900958466454,0.28689380282378657,5
Fagus sylvatica,734,1736,9089,0.7943160025458207,0.993744903902155,0.4264063239097595,0.8719346049046321,0.56947959071405,0.4414141956186821,0.12806539509536785,0.45338243101896086,5
Cormus domestica,632,1787,9013,0.7025211122611923,0.9923471170646476,0.5169069170951843,0.6772151898734177,0.6274270498169311,0.30464223969034876,0.32278481012658233,0.3081155981444524,5
Acer platanoides,539,1870,9009,0.6800144814987116,0.9704018637157833,0.4404265880584717,0.562152133580705,0.6873126873126874,0.2494648208933925,0.43784786641929496,0.2713952713952714,5
Crataegus monogyna,553,1844,9091,0.6225730871081886,0.9442273308488047,0.5025901198387146,0.6582278481012658,0.5228247717522825,0.18105261985354826,0.3417721518987342,0.19230592504201538,5
Aesculus hippocastanum,383,2008,9101,0.6225482925441012,0.821242927327091,0.5308173894882202,0.5039164490861618,0.6737721129546204,0.1776885620407822,0.49608355091383816,0.19122306876442868,5
Cornus mas,747,1640,9015,0.7118575986326523,0.9750465202327895,0.5473937392234802,0.7362784471218207,0.5864669994453688,0.3227454465671895,0.26372155287817933,0.32609595341989145,5
Pinus nigra,466,1907,9065,0.6435427018504885,0.9773062822006557,0.4661918580532074,0.5665236051502146,0.6344180915609487,0.20094169671116324,0.4334763948497854,0.23253091051987435,5
Sorbus aucuparia,553,1816,9057,0.8585784106725318,0.9915055081740006,0.41491955518722534,0.8426763110307414,0.7395384785248978,0.5822147895556391,0.15732368896925863,0.5969534718931996,5
Alnus glutinosa,671,1683,8951,0.6722069035905204,0.9641584158415841,0.4577106237411499,0.8092399403874814,0.44933526980225674,0.25857521018973806,0.19076005961251863,0.277659740787773,5
Prunus cerasus,500,1840,9000,0.5810214444444445,0.9257076295864881,0.5341014862060547,0.338,0.734,0.07200000000000006,0.6619999999999999,0.14144444444444448,5
Salix alba,512,1805,9016,0.604396545897571,0.9485614443797321,0.5011329650878906,0.5703125,0.5643300798580302,0.1346425798580302,0.4296875,0.1442418339618456,5
Ficus carica,305,1964,9154,0.7360168626453722,0.9825393127548049,0.5042828321456909,0.5573770491803278,0.774087830456631,0.3314648796369588,0.4426229508196722,0.37773292692973054,5
Taxus baccata,331,1988,9119,0.5928993910327661,0.9236458940011648,0.5224555730819702,0.4199395770392749,0.7281500164491721,0.14808959348844697,0.5800604229607251,0.15024438533270562,5
Aria edulis,867,1444,8899,0.8004859221770184,0.9853868783117716,0.36281970143318176,0.9284890426758939,0.5479267333408248,0.4764157760167187,0.07151095732410606,0.48669685810245517,5
Picea abies,951,1352,8982,0.8275006023262789,0.976260920209668,0.5226479768753052,0.7350157728706624,0.7649743932309062,0.49999016610156866,0.26498422712933756,0.5166421170416542,5
Juniperus communis,514,1780,9017,0.7268515501847138,0.9765637740244613,0.5125418305397034,0.7704280155642024,0.5773538871021404,0.3477819026663429,0.22957198443579763,0.36338105843307644,5
Populus alba,234,2012,9148,0.7108323616576787,0.944834012813046,0.5002523064613342,0.4829059829059829,0.7823567993003935,0.26526278220637645,0.517094017094017,0.32016619390908857,5
Salix fragilis,679,1576,8864,0.6359130676350335,0.8841622161317494,0.4835951626300812,0.8851251840942562,0.296028880866426,0.1811540649606822,0.11487481590574378,0.20329555302712105,5
Betula pubescens,445,1813,9079,0.8585200320284742,0.9820151426907396,0.4716649353504181,0.8651685393258427,0.7127436942394537,0.5779122335652964,0.1348314606741573,0.5979129513595394,5
Acer pseudoplatanus,528,1728,9098,0.6087555873085659,0.79648223645894,0.465365469455719,0.5454545454545454,0.6372829193229281,0.18273746477747355,0.4545454545454546,0.2004948640060753,5
Laurus nobilis,283,1913,9167,0.8237301489711328,0.9847116174402154,0.5420315265655518,0.7597173144876325,0.7661175957237919,0.5258349102114244,0.24028268551236753,0.5370003249480295,5
Prunus padus,662,1584,9025,0.7188215012009272,0.9885119059794562,0.5384718775749207,0.7190332326283988,0.6077562326869806,0.32678946531537933,0.2809667673716012,0.33088349750190393,5
Prunus mahaleb,445,1799,9037,0.7642595422315002,0.9923820617355853,0.4538111686706543,0.8247191011235955,0.5796171295784,0.40433623070199554,0.17528089887640452,0.40790284137745825,5
Acer negundo,435,1785,9088,0.8201838726323458,0.9627722772277227,0.45929259061813354,0.7862068965517242,0.6829885563380281,0.4691954528897524,0.21379310344827585,0.48326200016189086,5
Populus nigra,398,1808,9063,0.6780346064427843,0.9860795636738809,0.5408738851547241,0.585427135678392,0.6815623965574313,0.26698953223582333,0.414572864321608,0.2871027874670717,5
Paulownia tomentosa,467,1687,9176,0.793728145670019,0.9964472917880023,0.5411901473999023,0.708779443254818,0.7488012205754141,0.4575806638302322,0.291220556745182,0.46502117057998804,5
Cedrus atlantica,228,1895,9187,0.6933968479487606,0.9647524752475247,0.5104216933250427,0.3684210526315789,0.8704691411777512,0.2388901938093302,0.631578947368421,0.31112613360984914,5
Fraxinus angustifolia,227,1891,9180,0.8368326087165164,0.9490825541174607,0.5557624697685242,0.7797356828193832,0.7635076252723312,0.5432433080917143,0.2202643171806168,0.5587376311268512,5
Ailanthus altissima,242,1819,9165,0.8157568092771188,0.9871869539895166,0.5017274618148804,0.640495867768595,0.830987452264048,0.47148332003264315,0.359504132231405,0.4970436397902549,5
Quercus ilex,90,1862,9224,0.8378011467668883,0.7512682077483721,0.5379328727722168,0.5222222222222223,0.8959236773633998,0.418145899585622,0.47777777777777775,0.5428857087790306,5
Cercis siliquastrum,213,1845,9196,0.8072028663207315,0.9942457775189284,0.5630543231964111,0.5258215962441315,0.873640713353632,0.39946230959776363,0.4741784037558685,0.48961836846802137,5
Larix decidua,800,1210,8965,0.780271611823759,0.9619336051252184,0.4686247408390045,0.57375,0.7591745677635248,0.33292456776352486,0.42625,0.4388489960959286,5
Sequoiadendron giganteum,463,1545,9167,0.6801151468044005,0.9861997268525415,0.6506104469299316,0.4017278617710583,0.8368059343296608,0.238533796100719,0.5982721382289418,0.2772530635642309,5
Quercus pubescens,381,1544,9098,0.7920387452118056,0.9977895294507972,0.4448992908000946,0.7847769028871391,0.6403605187953396,0.4251374216824786,0.21522309711286092,0.43222126636236863,5
Platanus hispanica,225,1677,9148,0.7581771364718457,0.9047175305765871,0.4483073651790619,0.5288888888888889,0.7898994315697421,0.3187883204586308,0.47111111111111115,0.3691007141816061,5
Melia azedarach,79,1789,9238,0.8921145735418647,0.8348830369372525,0.5083416700363159,0.6075949367088608,0.9275817276466768,0.5351766643555376,0.3924050632911392,0.6433827257256077,5
Prunus amygdalus,18,1823,9245,0.6325641487891352,-0.595768828659861,0.42728883028030396,0.0,0.9974040021633316,-0.0025959978366684178,1.0,0.30986719548104086,5
Celtis australis,92,1745,9237,0.9164007229902424,0.9850902737332556,0.48645302653312683,0.5760869565217391,0.9609180469849519,0.5370050035066911,0.42391304347826086,0.6834646577328418,5
Arbutus unedo,82,1666,9241,0.8432740095175002,0.9631420010000097,0.5509220361709595,0.5487804878048781,0.9228438480683908,0.471624335873269,0.4512195121951219,0.5687379414644703,5
Olea europaea,97,1671,9244,0.7637397565208082,0.928973715465893,0.512528657913208,0.27835051546391754,0.9403937689311986,0.21874428439511617,0.7216494845360825,0.42319676848064164,5
Acer monspessulanum,393,1409,9129,0.7130239816796123,0.861522601991428,0.5369274020195007,0.5038167938931297,0.7334866907656917,0.23730348465882134,0.4961832061068703,0.358430770491488,5
Ulmus laevis,385,1351,9040,0.5893316860131019,0.7283094252274089,0.5081945657730103,0.4831168831168831,0.6755530973451327,0.15866998046201575,0.5168831168831169,0.1619928743822549,5
Fraxinus ornus,195,1502,9171,0.7673709491177597,0.9620524469925883,0.5255945920944214,0.6820512820512821,0.731217969687057,0.41326925173833917,0.31794871794871793,0.4320038918665023,5
Alnus incana,255,1382,9110,0.7496691849077721,0.8670172802551256,0.3827776312828064,0.43529411764705883,0.8417124039517014,0.27700652159876027,0.5647058823529412,0.3869352790512473,5
Taxodium distichum,335,1284,9171,0.8150806321679142,0.9967210059633576,0.5212399959564209,0.8119402985074626,0.6494384472794679,0.4613787457869305,0.18805970149253737,0.48045965787679207,5
Acer opalus,212,1292,9167,0.9230710649972934,0.9673030554302758,0.5101893544197083,0.9009433962264151,0.7660085087814988,0.666951905007914,0.09905660377358494,0.7171746070297272,5
Prunus serotina,345,1100,9147,0.8010153008113851,0.9728479906814211,0.22818836569786072,0.9072463768115943,0.48606100360774024,0.39330738041933455,0.09275362318840574,0.4752548946910605,5
Pistacia terebinthus,33,1373,9236,0.9757437956874943,0.9746233110206903,0.41549837589263916,0.8484848484848485,0.9708748375920312,0.8193596860768797,0.1515151515151515,0.8817801225770043,5
Pinus pinea,31,1269,9245,0.8428583890158586,0.6732307088586471,0.3771063983440399,0.25806451612903225,0.9528393726338561,0.21090388876288824,0.7419354838709677,0.6079066278197456,5
Pinus uncinata,21,954,9240,0.9801999587713873,0.8643497262210772,0.5587432384490967,0.8095238095238095,0.9670995670995671,0.7766233766233768,0.19047619047619047,0.9542207792207792,5
Acacia dealbata,13,895,9252,0.8260001995410555,0.3030674100206533,0.4732201099395752,0.3076923076923077,0.995136186770428,0.30282849446273574,0.6923076923076923,0.5980328577604842,5
Pinus cembra,10,787,9247,0.8948307559208392,-0.37862905169332833,0.6110246777534485,0.0,0.9988104250027036,-0.0011895749972964387,1.0,0.6490645614793987,5
Ostrya carpinifolia,5,572,9252,0.825789018590575,0.010433083003738809,0.6047338843345642,0.2,0.9958927799394726,0.19589277993947252,0.8,0.6360354517942067,5
